:020000040800F2
:100000000000022061F900086D1300087313000856
:10001000791300087F130008851300080000000012
:100020000000000000000000000000008B1300082A
:100030009913000800000000A7130008B51300087A
:10004000B1F90008B1F90008B1F90008B1F90008E8
:10005000B1F90008B1F90008B1F90008B1F90008D8
:10006000B1F90008B1F90008B1F90008B1F90008C8
:10007000B1F90008B1F90008B1F90008B1F90008B8
:10008000B1F90008B1F90008B1F90008000000005A
:10009000000000000000000000000000B1F90008AE
:1000A000B1F90008B1F90008B1F90008B1F9000888
:1000B000B1F90008B1F90008B1F90008B1F9000878
:1000C000B1F90008B1F90008B1F90008B1F9000868
:1000D000B1F90008B1F90008B1F90008000000000A
:1000E000B1F90008B1F90008B1F9000800000000FA
:1000F000000000000000000000000000B1F900084E
:1001000000000000B1F90008B1F90008B1F90008D9
:1001100000000000000000000000000000000000DF
:10012000C1130008B1F90008B1F90008B1F90008DD
:10013000B1F900080000000000000000000000000D
:10014000000000000000000000000000D5130008BF
:10015000B1F90008B1F90008B1F90008B1F90008D7
:10016000B1F90008B1F9000800000000000000002B
:10017000000000000000000000000000000000007F
:1001800000000000B1F900080000000000000000BD
:08019000B1F90008B1F9000803
:1001A000A3F5803A704700BF154B002B08BF114BD9
:1001B0009D46FFF7F5FF00218B460F461148124A76
:1001C000121A0FF039FF0C4B002B00D098470B4B45
:1001D000002B00D098470020002104000D000B48A0
:1001E0000FF045FD0FF0DAFF2000290000F0BEFE01
:1001F0000FF044FD000008000000000000000000B7
:1002000000000000A0020020E0210020E50101081C
:1002100080B58AB000AF786007F1140300221A603D
:100220005A609A60DA601A617B681B68B3F1A04F6C
:100230003AD100233B611E4B1B6B1D4A43F0010367
:1002400013631B4B1B6B03F001033B613B694FF4D2
:10025000C0537B610223BB610023FB6103233B622C
:100260000A237B6207F114031946124807F0C8FD00
:100270000F4B5B6B0E4A43F0800353630023FB601C
:100280000B4B5B6C0A4A43F480435364084B5B6C32
:1002900003F48043FB60FB680022002143200AF046
:1002A0007CFD43200AF095FD00BF2837BD4680BD88
:1002B000003802400000024080B582B000AF786094
:1002C0007B681B68B3F1A04F0DD1094B5B6B084AEB
:1002D00023F0800353634FF4C051064807F014FF26
:1002E00043200AF084FD00BF0837BD4680BD00BF33
:1002F000003802400000024080B582B000AF786054
:100300007B68D3F8E0247B6803F29C4319461046CF
:100310000DF054FB00BF0837BD4680BD80B582B0EC
:1003200000AF78600B46FB707B68D3F8E004FA7886
:1003300079681346DB0013449B000B4403F51873E4
:100340001A68FB7819460DF08EFB00BF0837BD46D2
:1003500080BD80B582B000AF78600B46FB707B68D3
:10036000D3F8E004FA7879681346DB0013449B0065
:100370000B4420331A68FB7819460DF030FC00BF9F
:100380000837BD4680BD80B582B000AF78607B681D
:10039000D3F8E03418460DF074FD00BF0837BD46B1
:1003A00080BD80B584B000AF78600123FB737B68AB
:1003B000DB79022B01D000F0CBFF7B68D3F8E0346F
:1003C000FA7B114618460DF018FD7B68D3F8E0342F
:1003D00018460DF0BFFC00BF1037BD4680BD80B58C
:1003E00082B000AF78607B68D3F8E03418460DF037
:1003F00014FD7B681B6803F560631B687A681268EC
:1004000002F5606243F0010313607B68DB7A002B26
:1004100005D0054B1B69044A43F00603136100BF76
:100420000837BD4680BD00BF00ED00E080B582B05A
:1004300000AF78607B68D3F8E03418460DF009FD12
:1004400000BF0837BD4680BD80B582B000AF786080
:100450000B46FB707B68D3F8E034FA7811461846F7
:100460000DF061FD00BF0837BD4680BD80B582B08C
:1004700000AF78600B46FB707B68D3F8E034FA7805
:10048000114618460DF01DFD00BF0837BD4680BD62
:1004900080B582B000AF78607B68D3F8E03418464E
:1004A0000DF073FD00BF0837BD4680BD80B582B03A
:1004B00000AF78607B68D3F8E03418460DF070FD2B
:1004C00000BF0837BD4680BD80B582B000AF786000
:1004D0007B681B78002B3CD1204A7B68C2F8E03453
:1004E0007B681E4AC3F8C8221C4B4FF0A0421A601A
:1004F0001A4B04221A71194B0222DA71174B00228F
:100500009A71164B02225A72144B00229A72134BA4
:100510000022DA72114B00221A73104B00229A73D8
:100520000E4B0022DA730D4801F0D8FC0346002B75
:1005300001D000F00DFF8021084803F0ECF84022C4
:100540000021064803F0A0F880220121034803F0AF
:100550009BF8002318460837BD4680BDA002002046
:1005600080B584B000AF78600023FB730023BB73B9
:100570007B68D3F8C832184601F0BFFD0346FB7311
:10058000FB7B184600F0A1F90346BB73BB7B184602
:100590001037BD4680BD80B584B000AF78600023C1
:1005A000FB730023BB737B68D3F8C832184601F095
:1005B000DBFD0346FB73FB7B184600F086F9034620
:1005C000BB73BB7B18461037BD4680BD80B584B079
:1005D00000AF78600023FB730023BB737B68D3F804
:1005E000C832184601F0F5FD0346FB73FB7B184645
:1005F00000F06BF90346BB73BB7B18461037BD4652
:1006000080BD80B584B000AF7860084611461A46B8
:100610000346FB700B46BB7013463B800023FB7305
:100620000023BB737B68D3F8C802BB783A88F9789B
:1006300002F0C2FB0346FB73FB7B184600F045F952
:100640000346BB73BB7B18461037BD4680BD80B5E3
:1006500084B000AF78600B46FB700023FB7300236F
:10066000BB737B68D3F8C832FA781146184602F09B
:100670000DFC0346FB73FB7B184600F026F903468E
:10068000BB73BB7B18461037BD4680BD80B584B0B8
:1006900000AF78600B46FB700023FB730023BB7335
:1006A0007B68D3F8C832FA781146184602F0AFFDDD
:1006B0000346FB73FB7B184600F007F90346BB7348
:1006C000BB7B18461037BD4680BD80B584B000AFF7
:1006D00078600B46FB700023FB730023BB737B68C1
:1006E000D3F8C832FA781146184602F0A6FC034641
:1006F000FB73FB7B184600F0E8F80346BB73BB7B3B
:1007000018461037BD4680BD80B584B000AF786014
:100710000B46FB700023FB730023BB737B68D3F88D
:10072000C832FA781146184602F0EAFC0346FB7319
:10073000FB7B184600F0C9F80346BB73BB7B184629
:100740001037BD4680BD80B485B000AF78600B46E1
:10075000FB707B68D3F8C832FB6097F90330002B3D
:100760000BDAFB7803F07F02F9681346DB001344D1
:100770009B000B4416331B780BE0FB7803F07F02E1
:10078000F9681346DB0013449B000B4403F2562325
:100790001B7818461437BD465DF8047B704780B55A
:1007A00084B000AF78600B46FB700023FB7300231E
:1007B000BB737B68D3F8C832FA781146184602F04A
:1007C000D7FA0346FB73FB7B184600F07EF803461E
:1007D000BB73BB7B18461037BD4680BD80B586B065
:1007E00000AFF8607A603B600B46FB720023FB753C
:1007F0000023BB75FB68D3F8C802F97A3B687A68B6
:1008000002F0E1FB0346FB75FB7D184600F05DF846
:100810000346BB75BB7D18461837BD4680BD80B505
:1008200086B000AFF8607A603B600B46FB72002335
:10083000FB750023BB75FB68D3F8C802F97A3B68E7
:100840007A6802F06DFB0346FB75FB7D184600F0ED
:100850003CF80346BB75BB7D18461837BD4680BDC6
:1008600080B582B000AF78600B46FB707B68D3F830
:10087000C832FA781146184602F08DFB0346184636
:100880000837BD4680BD80B483B000AF7860034BAD
:1008900018460C37BD465DF8047B7047840700207E
:1008A00080B483B000AF786000BF0C37BD465DF800
:1008B000047B704780B582B000AF786078680AF03A
:1008C000CFFC00BF0837BD4680BD80B485B000AF07
:1008D0000346FB710023FB73FB79032B16D801A29F
:1008E00052F823F0F5080008FB0800080109000889
:1008F000070900080023FB730BE00323FB7308E0E8
:100900000123FB7305E00323FB7302E00323FB7366
:1009100000BFFB7B18461437BD465DF8047B70476B
:1009200080B500AF0022124912480CF049FF03467F
:10093000002B01D000F00CFD0F490E480CF0A0FF79
:100940000346002B01D000F003FD0C4909480EF0CE
:10095000ADFE0346002B01D000F0FAFC05480CF078
:10096000C5FF0346002B01D000F0F2FC00BF80BDA4
:1009700000000020A4090020A80000205000002052
:1009800080B483B000AF03463960FB713B6812222C
:100990001A80034B18460C37BD465DF8047B704740
:1009A0001C00002080B483B000AF03463960FB71A7
:1009B0003B6804221A80034B18460C37BD465DF88D
:1009C000047B70473000002080B582B000AF034642
:1009D0003960FB71FB79002B05D13A68074908485B
:1009E0000EF062F904E03A68044905480EF05CF93B
:1009F000024B18460837BD4680BD00BF800C002062
:100A0000C00E010880B582B000AF03463960FB71AB
:100A10003A68044904480EF047F9024B1846083773
:100A2000BD4680BD800C0020D80E010880B582B084
:100A300000AF03463960FB713B681A221A8000F050
:100A400043F8024B18460837BD4680BD34000020ED
:100A500080B582B000AF03463960FB71FB79002B93
:100A600005D13A68074908480EF01EF904E03A68D3
:100A7000044905480EF018F9024B18460837BD46E0
:100A800080BD00BF800C0020EC0E010880B582B054
:100A900000AF03463960FB71FB79002B05D13A6842
:100AA000074908480EF000F904E03A68044905488F
:100AB0000EF0FAF8024B18460837BD4680BD00BF5D
:100AC000800C0020F80E010880B584B000AF0F4BF9
:100AD0001B68FB600E4B1B68BB600E4B1B687B608A
:100AE000FA687B681344FB60FB68002B09D008227E
:100AF0000949F86800F014F804220849B86800F0C1
:100B00000FF800BF1037BD4680BD00BF107AFF1F31
:100B1000147AFF1F187AFF1F3600002046000020BD
:100B200080B487B000AFF860B9601346FB71002352
:100B3000FB750023FB7527E0FB681B0F092B0BD807
:100B4000FB681B0FDAB2FB7D5B001946BB680B44E8
:100B50003032D2B21A700AE0FB681B0FDAB2FB7DAA
:100B60005B001946BB680B443732D2B21A70FB687F
:100B70001B01FB60FB7D5B000133BA68134400225C
:100B80001A70FB7D0133FB75FA7DFB799A42D3D352
:100B900000BF00BF1C37BD465DF8047B704700BF37
:100BA00080B500AF0022054905480EF099FD0549C2
:100BB00003480EF0B7FD0023184680BD80160020C4
:100BC000A4090020800E002080B400AF0023184646
:100BD000BD465DF8047B704780B483B000AF034628
:100BE0003960FB711346BB80FB79232B4AD801A2E5
:100BF00052F823F0850C0008850C0008850C0008CD
:100C0000850C0008850C0008850C0008850C000880
:100C1000850C0008850C0008850C0008850C000870
:100C2000850C0008850C0008850C0008850C000860
:100C3000850C0008850C0008850C0008850C000850
:100C4000850C0008850C0008850C0008850C000840
:100C5000850C0008850C0008850C0008850C000830
:100C6000850C0008850C0008850C0008850C000820
:100C7000850C0008850C0008850C0008850C000810
:100C8000850C000800BF002318460C37BD465DF8F0
:100C9000047B704780B582B000AF786039607968B6
:100CA00005480EF03FFD04480EF098FD002318465D
:100CB0000837BD4680BD00BFA409002080B584B0C0
:100CC00000AF78600B467B800023FB730D4BD3F89D
:100CD000BC32BB60BB68D3F81432002B01D00123B7
:100CE0000BE07B881A46796806480EF0F9FC054847
:100CF0000EF035FD0346FB73FB7B18461037BD46EF
:100D000080BD00BFA409002080B487B000AFF860A8
:100D1000B9601346FB710023FB7597F9173018462D
:100D20001C37BD465DF8047B704700BF0FB480B52B
:100D300082B000AF07F114033B603B683A6964215D
:100D40000C480FF06BF978607B68002B0BDD7B683B
:100D5000632B08D87B689BB219460648FFF7AEFFA5
:100D600014200AF07DFA00BF0837BD46BDE8804078
:100D700004B07047281F002080B584B000AF1F4822
:100D80000AF01FFE64211D480AF001FF0346002BF4
:100D900006D11A480BF03CFB03469AB2184B1A8056
:100DA0003B4600221A605A609A60DA6001233B6079
:100DB00001237B600123BB603B4619460F480BF0C3
:100DC0005CFB0E480AF0FDFD64210C480AF0DFFED2
:100DD0000346002B06D109480BF01AFB03469AB2D2
:100DE000084B1A8000233B603B46194603480BF032
:100DF00044FB00BF1037BD4680BD00BF801E0020F1
:100E00008C1F00208E1F002080B582B000AF0AF03A
:100E1000DBF978600421114807F05AFA0346FB70A9
:100E20000F4B1B78DBB2FA789A4213D00D4B1B683C
:100E30007A68D31A322B0DD9094AFB781370084B04
:100E40001B78DBB2002B02D10748FFF76FFF054A82
:100E50007B68136000BF0837BD4680BD00000240BC
:100E600064000020A41F0020080F010880B582B094
:100E700000AF7860786800F044FF034619460348E5
:100E8000FFF754FF00BF0837BD4680BD1C0F0108A7
:100E900080B582B000AF7860786800F032FF03461A
:100EA00019460348FFF742FF00BF0837BD4680BD23
:100EB0002C0F010880B582B000AF7860786800F030
:100EC0002DFF034619460348FFF730FF00BF0837E0
:100ED000BD4680BD3C0F010880B582B000AF786090
:100EE000786800F01BFF034619460348FFF71EFF12
:100EF00000BF0837BD4680BD480F010890B583B0DC
:100F000000AF7860094B1B680133084A1360074B38
:100F10001C68786800F0F5FE03461A46214604482E
:100F2000FFF704FF00BF0C37BD4690BDA81F00208F
:100F3000580F010890B583B000AF7860094B1B686B
:100F40000133084A1360074B1C68786800F0E6FE1E
:100F500003461A4621460448FFF7E8FE00BF0C3757
:100F6000BD4690BDAC1F00207C0F0108F0B585B0D8
:100F700002AF0AF087F800F0BDF800F089F900F040
:100F800067F900F021F9FFF7CBFC00237B6014E048
:100F900000224FF40051424807F0B2F9C8200AF08D
:100FA0005FF901224FF400513D4807F0A9F9C8202C
:100FB0000AF056F97B6801337B607B68022BE7DD22
:100FC0004FF4FA600AF04CF90521364800F0B1FC04
:100FD000354B364A1A60364B364A1A60364B374A1A
:100FE0001A60374B374A1A60374B384A1A60384B09
:100FF000384A1A600F2246212A4800F0DBFD0F22F2
:101000004621284800F0FAFD3348FFF78FFE3348A9
:10101000FFF78CFE3248FFF789FE3248FFF786FE65
:101020004FF4FA700AF01CF900233B60FFF7A4FEAE
:101030002D4B1B882D4A128819461A4800F0AEFC29
:10104000184800F0BFFCFFF7DFFE0AF0BDF80246CB
:101050003B68D31AB3F5FA7F18D9234B1B881C467B
:10106000224B1B881D460F4800F04BFE03461E46D0
:101070000C4800F053FE0346009333462A462146AF
:101080001B48FFF753FE0AF09FF838604FF40051F9
:10109000034807F04EF964200AF0E2F8C6E700BF03
:1010A00000080240901F0020B81F00206D0E0008AD
:1010B000BC1F0020910E0008C01F0020B50E0008C4
:1010C000C41F0020D90E0008D81F0020FD0E000804
:1010D000DC1F0020350F0008A00F0108C80F010811
:1010E000E40F0108041001088C1F00208E1F00204F
:1010F0002C10010880B594B000AF07F12003302216
:10110000002118460EF098FF07F10C0300221A6028
:101110005A609A60DA601A610023BB60284B1B6C2E
:10112000274A43F080531364254B1B6C03F0805314
:10113000BB60BB6800237B60224B1B68214A43F4E1
:10114000404313601F4B1B6803F440437B607B6884
:1011500001233B624FF480337B620223BB634FF475
:101160008003FB6319233B644FF4A8737B6404235F
:10117000BB640723FB6407F12003184604F006FF55
:101180000346002B01D000F0E3F80F23FB6002239D
:101190003B6100237B614FF48053BB610023FB6103
:1011A00007F10C030221184605F068F90346002BED
:1011B00001D000F0CDF800BF5037BD4680BD00BF64
:1011C000003802400070004080B584B000AF3B465C
:1011D00000221A605A609A60DA601B4B1B4A1A6040
:1011E000194B4FF480325A60174B00229A60164B0D
:1011F00000221A61144B00221A76134B002283F846
:101200002020114B0022DA620F4B0022DA600E4BD5
:101210000122DA610C4B002283F830200A4B0122B4
:101220005A6109480AF044FB00233B6001237B60BC
:101230000123BB603B46194603480BF01EF900BF73
:101240001037BD4680BD00BF801E00200020014039
:1012500080B582B000AF00237B600C4B1B6B0B4A48
:1012600043F480031363094B1B6B03F480037B601F
:101270007B6800220021382009F08FFD382009F01A
:10128000A8FD00BF0837BD4680BD00BF0038024042
:1012900080B588B000AF07F10C0300221A605A60D5
:1012A0009A60DA601A610023BB60264B1B6B254AEB
:1012B00043F004031363234B1B6B03F00403BB6075
:1012C000BB6800237B601F4B1B6B1E4A43F08003EF
:1012D00013631C4B1B6B03F080037B607B68002354
:1012E0003B60184B1B6B174A43F001031363154B0C
:1012F0001B6B03F001033B603B6801224FF400517C
:10130000114806F0FDFF4FF40053FB6001233B61E1
:1013100000237B610023BB6107F10C0319460A48D7
:1013200006F06EFD0423FB6000233B6101237B611B
:1013300007F10C031946054806F062FD00BF20378F
:10134000BD4680BD00380240000802400000024057
:1013500080B500AF4FF40051034806F0EAFF642067
:1013600009F07EFFF6E700BF0008024080B400AF3E
:10137000FEE780B400AFFEE780B400AFFEE780B4C4
:1013800000AFFEE780B400AFFEE780B400AF00BF5F
:10139000BD465DF8047B704780B400AF00BFBD461A
:1013A0005DF8047B704780B400AF00BFBD465DF8B8
:1013B000047B704780B500AF09F0F2FE00BF80BD2E
:1013C00080B500AF024808F0FDFC00BF80BD00BF43
:1013D000C81E002080B500AF024800F035FF00BFF6
:1013E00080BD00BFA002002080B483B000AF002306
:1013F0007B60104B5B6C0F4A43F4804353640D4B8E
:101400005B6C03F480437B607B6800233B60094B8B
:101410001B6C084A43F080531364064B1B6C03F0AB
:1014200080533B603B6800BF0C37BD465DF8047BD2
:10143000704700BF0038024080B58AB000AF7860C6
:1014400007F1140300221A605A609A60DA601A6188
:101450007B681B682F4A934258D100233B612E4B77
:101460005B6C2D4A43F4807353642B4B5B6C03F429
:1014700080733B613B690023FB60274B1B6B264A53
:1014800043F001031363244B1B6B03F00103FB6068
:10149000FB6803237B610323BB610023FB6107F12E
:1014A000140319461D4806F0ABFC1D4B1D4A1A607B
:1014B0001B4B00225A601A4B00229A60184B0022E4
:1014C000DA60174B4FF480621A61154B4FF40062DB
:1014D0005A61134B4FF400529A61114B4FF48072D2
:1014E000DA610F4B4FF480321A620D4B00225A62C0
:1014F0000B4808F057F90346002B01D0FFF728FFEF
:101500007B68074A9A63064A7B68936300BF283763
:10151000BD4680BD0020014000380240000002406E
:10152000C81E00201064024080B582B000AF786011
:101530007B681B680A4A93420ED10A4B5B6C094ACE
:1015400023F4807353640321074806F0DDFD7B68B4
:101550009B6B184608F0D4F900BF0837BD4680BD24
:1015600000200140003802400000024080B586B0F3
:1015700000AF7860144A154BD31A7B617B693B61DD
:10158000134B1B68002B02D1114B124A1A60104BEF
:101590001A687B6813443A699A4207D20EF0F8FD44
:1015A00003460C221A604FF0FF3309E0084B1B681A
:1015B000FB60074B1A687B681344054A1360FB689D
:1015C00018461837BD4680BD000002200004000008
:1015D000B01F0020E021002080B400AF00BFBD4656
:1015E0005DF8047B704780B400AF01231846BD4608
:1015F0005DF8047B704780B582B000AF78603960D9
:101600000EF0C6FD034616221A604FF0FF3318464F
:101610000837BD4680BD80B582B000AF78604FF01E
:10162000FF317868FFF7E7FFFEE780B586B000AFCF
:10163000F860B9607A6000237B610AE0AFF3008054
:101640000146BB685A1CBA60CAB21A707B69013382
:101650007B617A697B689A42F0DB7B6818461837B1
:10166000BD4680BD80B586B000AFF860B9607A60D5
:1016700000237B6109E0BB685A1CBA601B781846DE
:10168000AFF300807B6901337B617A697B689A42A2
:10169000F1DB7B6818461837BD4680BD80B483B047
:1016A00000AF78604FF0FF3318460C37BD465DF849
:1016B000047B704780B483B000AF786039603B68CA
:1016C0004FF400525A60002318460C37BD465DF8AF
:1016D000047B704780B483B000AF78600123184664
:1016E0000C37BD465DF8047B704780B485B000AF11
:1016F000F860B9607A60002318461437BD465DF87B
:10170000047B70470EB480B482B000AF78604FF0B5
:10171000FF3318460837BD465DF8047B03B07047B9
:1017200080B582B000AF78600EF032FD03460A2229
:101730001A604FF0FF3318460837BD4680BD80B5AC
:1017400082B000AF78600EF023FD034602221A60DB
:101750004FF0FF3318460837BD4680BD80B483B0D4
:1017600000AF78604FF0FF3318460C37BD465DF888
:10177000047B704780B483B000AF786039603B6809
:101780004FF400525A60002318460C37BD465DF8EE
:10179000047B704780B582B000AF786039600EF08E
:1017A000F7FC03461F221A604FF0FF331846083734
:1017B000BD4680BD80B500AF0EF0EAFC03460B22AB
:1017C0001A604FF0FF33184680BD80B584B000AF7B
:1017D000F860B9607A600EF0DBFC03460C221A60F8
:1017E0004FF0FF3318461037BD4680BD0811010881
:1017F00000000020A0020020A0020020E021002024
:1018000090B488B000AF0446084611461A462346F5
:10181000FB800346BB800B467B8013467B70BA88F7
:101820007B881344DA0F13445B10BB617A88BB8852
:10183000D31A7B617B69002B01D1002329E0FA8850
:10184000BB69D31A3B617B69DA0F13445B10FB6001
:101850003B69642203FB02F2FB6892FBF3F3FB613A
:10186000FB69642B01DD6423FB61FB6913F1640FE9
:1018700002DA6FF06303FB617B785B42FA699A429C
:1018800005DD7B78FA699A4201DA0023FB61FB6986
:101890005BB218462037BD4690BC704780B582B019
:1018A00000AF786039607B68002B02D07B683868B5
:1018B000984700BF0837BD4680BD80B584B000AFF3
:1018C000F8607A603B600B46FB7297F90B30002B97
:1018D000B8BF5B42DBB23A7E9A4214D87B6893F978
:1018E0000030002BB8BF5B42DBB23A7E9A420AD985
:1018F0003B6801221A70F968786AFFF7CFFFF96830
:10190000386AFFF7CBFF97F90B30002BB8BF5B426B
:10191000DBB219463A7E3B7FD31A994202DA3B6822
:1019200000221A707B68FA7A1A7000BF1037BD4621
:1019300080BD80B483B000AF78600B46FB707B68DD
:1019400000221A807B6800225A807B6800221A716C
:101950007B6800225A717B6800221A747B6800221F
:101960005A747B6800229A747B680022DA747B6860
:10197000FA789A717B6800221A817B6840F6FF72C0
:101980005A817B6800229A817B6840F6FF72DA8177
:1019900000BF0C37BD465DF8047B704780B483B050
:1019A00000AF78600B467B8013463B807B687A886B
:1019B0001A807B683A885A8000BF0C37BD465DF8B4
:1019C000047B7047F0B589B004AF78607B681B7901
:1019D000FB737B685B79BB737B6818887B681989AC
:1019E0007B685A897B689B79FFF70AFF03461A4692
:1019F0007B681A717B6858887B6899897B68DA896B
:101A00007B689B79FFF7FCFE03461A467B685A7198
:101A10007B6893F9043097F90F209A4206D17B68CE
:101A200093F9053097F90E209A4205D03D4B1B687B
:101A300079681846FFF732FF7B6893F904407B68AA
:101A400003F110057B6803F11206374B1B78374A08
:101A5000127837490968374800680390029101926B
:101A6000009333462A4621467868FFF726FF7B68B5
:101A700093F905407B6803F111057B6803F11306B8
:101A80002D4B1B782D4A12782D4909682D48006886
:101A9000039002910192009333462A4621467868CA
:101AA000FFF70BFF7B6893F90430002B05DD264B15
:101AB0001B6879681846FFF7F1FE7B6893F90430DC
:101AC000002B05DA214B1B6879681846FFF7E6FE04
:101AD0007B6893F90530002B05DD1D4B1B68796889
:101AE0001846FFF7DBFE7B6893F90530002B05DA1B
:101AF000184B1B6879681846FFF7D0FE7B6893F98E
:101B00000430002B0AD17B6893F90530002B05D1F6
:101B1000114B1B6879681846FFF7C0FE00BF1437E9
:101B2000BD46F0BDCC1F00206C0000206D000020E1
:101B3000D01F0020D81F00206E0000206F00002062
:101B4000D41F0020DC1F0020B81F0020BC1F002075
:101B5000C01F0020C41F0020C81F002080B485B013
:101B600000AFF860B9607A603B600C4AFB681360B4
:101B70000B4ABB6813600B4A7B6813600A4A3B68D8
:101B800013600A4ABB691360094AFB69136000BF0E
:101B90001437BD465DF8047B704700BFB81F0020B6
:101BA000BC1F0020C01F0020C41F0020C81F002031
:101BB000CC1F002080B483B000AF78600B46FB7070
:101BC0001346BB70FB78642B28BF6423DAB2094B41
:101BD0001A70BB78322B28BF3223DAB2064B1A7048
:101BE0007B6800229A7400BF0C37BD465DF8047B09
:101BF000704700BF6C0000206D00002080B483B0EF
:101C000000AF78600B46FB701346BB70FB78642B0B
:101C100028BF6423DAB2094B1A70BB78322B28BF75
:101C20003223DAB2064B1A707B680022DA7400BFE6
:101C30000C37BD465DF8047B704700BF6E00002086
:101C40006F00002080B485B000AFF86008461146F0
:101C50001A4603467B810B463B811346FB80FB689B
:101C60007A891A81FB683A895A81FB68FA889A81D5
:101C7000FB683A8BDA8100BF1437BD465DF8047B00
:101C8000704780B485B000AF78607B681B88FB60CC
:101C90007B685B88BB60FB68B3F5FA6FB8BF4FF435
:101CA000FA639BB2A3F5FA639AB27B681A81FB6868
:101CB00040F62F029342A8BF13469BB203F5FA6386
:101CC0009AB27B685A81BB68B3F5FA6FB8BF4FF41C
:101CD000FA639BB2A3F5FA639AB27B689A81BB68F8
:101CE00040F62F029342A8BF13469BB203F5FA6356
:101CF0009AB27B68DA8100BF1437BD465DF8047B79
:101D0000704780B483B000AF78607B6893F904308B
:101D100018460C37BD465DF8047B704780B483B02D
:101D200000AF78607B6893F9053018460C37BD46E4
:101D30005DF8047B704780B483B000AF78607B6847
:101D40001B8818460C37BD465DF8047B704780B48D
:101D500083B000AF78607B685B8818460C37BD465F
:101D60005DF8047B704780B483B000AF78607B6817
:101D70009B7C18460C37BD465DF8047B704780B4E9
:101D800083B000AF78607B68DB7C18460C37BD46BB
:101D90005DF8047B704780B483B000AF78607B68E7
:101DA00000229A7400BF0C37BD465DF8047B704773
:101DB00080B483B000AF78607B680022DA7400BF23
:101DC0000C37BD465DF8047B704700BF80B400AFA0
:101DD000064BD3F88830054A43F47003C2F88830C4
:101DE00000BFBD465DF8047B704700BF00ED00E01A
:101DF00080B487B000AF344B9B6803F00C033B61A9
:101E00003B69082B11D03B69082B44D83B69002B58
:101E100003D03B69042B04D03DE02C4B2C4A1A60C4
:101E20003DE02A4B2B4A1A6039E0274B5B689B0D3B
:101E300003F00103FB60244B5B6803F03F03BB60CE
:101E4000FB68002B0CD0234ABB68B2FBF3F31E4A9D
:101E500052689209C2F3080202FB03F37B610BE0B4
:101E60001B4ABB68B2FBF3F3174A52689209C2F3EC
:101E7000080202FB03F37B61134B5B681B0C03F04E
:101E8000030301335B007B607A697B68B2FBF3F389
:101E90000E4A136003E00D4B0D4A1A6000BF0A4B57
:101EA0009B681B0903F00F030B4AD35C3B61074B94
:101EB0001A683B6922FA03F3044A136000BF1C3717
:101EC000BD465DF8047B704700380240700000207A
:101ED0000024F40040787D015C10010880B586B0D4
:101EE00002AF78607B68002B01D1012301E17B68A0
:101EF0001B68BB607B6893F89534DBB2002B06D17E
:101F00007B68002283F894247868FEF781F97B6867
:101F1000032283F89524BB68B3F1A04F02D17B68FC
:101F200000229A717B681B68184601F034FD7B68BB
:101F300018687B681A7C8DF8002004330ECB01F002
:101F400013FC0346002B05D07B68022283F89524FE
:101F50000123CEE07B681B680021184601F02CFDB0
:101F60000346002B05D07B68022283F895240123C9
:101F7000BFE00023FB734AE0FA7B79681346DB007D
:101F800013449B000B44153301221A70FA7B7968C5
:101F90001346DB0013449B000B441433FA7B1A7086
:101FA000FA7BFB7B98B279681346DB0013449B00F5
:101FB0000B442E3302461A80FA7B79681346DB0005
:101FC00013449B000B44183300221A70FA7B796883
:101FD0001346DB0013449B000B441C3300221A60A1
:101FE000FA7B79681346DB0013449B000B442033D3
:101FF00000221A60FA7B79681346DB0013449B00C9
:102000000B44243300221A60FB7B0133FB737B6893
:102010001B79FA7B9A42AFD30023FB7344E0FA7B2F
:1020200079681346DB0013449B000B4403F25523ED
:1020300000221A70FA7B79681346DB0013449B0078
:102040000B4403F51573FA7B1A70FA7B7968134613
:10205000DB0013449B000B4403F5167300221A7037
:10206000FA7B79681346DB0013449B000B4403F5AD
:10207000177300221A60FA7B79681346DB00134459
:102080009B000B4403F5187300221A60FA7B7968F1
:102090001346DB0013449B000B4403F51973002225
:1020A0001A60FB7B0133FB737B681B79FA7B9A42D6
:1020B000B5D37B6818687B681A7C8DF800200433E0
:1020C0000ECB01F0C5FC0346002B05D07B68022235
:1020D00083F8952401230CE07B6800225A747B6806
:1020E000012283F895247B681B68184602F098FE4D
:1020F000002318461037BD4680BD80B582B000AFC2
:1021000078607B68002B01D1012315E07B680322F6
:1021100083F895247B681B68184602F0EBFD0346A4
:10212000002B01D0012307E07868FEF7C5F87B6833
:10213000002283F89524002318460837BD4680BD49
:1021400080B483B000AF786000BF0C37BD465DF847
:10215000047B704780B483B000AF786000BF0C3759
:10216000BD465DF8047B704780B584B000AF7860F1
:102170007B681B68FB607B6893F89434012B01D16A
:10218000022322E07B68012283F89424FB68DB6849
:1021900003F04003002B09D07B685B7B012B05D14A
:1021A000FB689B6B43F48032FB689A637B681B6817
:1021B000184601F0DFFB7B681B68184602F00FFE33
:1021C0007B68002283F89424002318461037BD460C
:1021D00080BD80B584B000AF78607B681B68FB6011
:1021E0007B6893F89434012B01D1022328E07B68AB
:1021F000012283F894247B681B68184601F0CBFB0E
:102200007B681B68184602F00BFE7B681B68102178
:10221000184601F081FDFB68DB6803F04003002BEA
:1022200009D07B685B7B012B05D1FB689B6B23F49A
:102230008032FB689A637B68002283F89424002331
:1022400018461037BD4680BD90B58DB000AF7860A0
:102250007B681B683B623B6AFB617B681B681846B6
:1022600002F0C4FE0346002B40F08C847B681B68A0
:10227000184602F0F6FD0346002B00F08284FB694D
:1022800003F500639B681B0AC3F30D027B68C3F868
:10229000D4247B681B68184602F0E3FD034603F074
:1022A0000203022B07D17B681B685A697B681B6895
:1022B00002F002025A617B681B68184602F0D1FDE9
:1022C000034603F01003102B61D17B681B689A69E9
:1022D0007B681B6822F010029A613B6A1B6ABB6133
:1022E000BB6903F00F021346DB0013449B0003F5A8
:1022F00014737A68134404337B61BB6903F4F013ED
:10230000B3F5802F24D1BA6947F6F0731340002B40
:1023100035D07B69D968BB691B099BB2C3F30A033B
:102320009BB21A46386A02F0B9FB7B69DA68BB696E
:102330001B09C3F30A031A447B69DA607B695A6993
:10234000BB691B09C3F30A031A447B695A6116E08F
:10235000BB6903F4F013B3F5402F10D17B6803F28F
:102360009C4308221946386A02F098FB7B695A6937
:10237000BB691B09C3F30A031A447B695A617B6872
:102380001B689A697B681B6842F010029A617B683F
:102390001B68184602F065FD034603F40023B3F5FD
:1023A000002F40F0A78000237B627B681B681846E3
:1023B00002F08BFDB86299E0BB6A03F00103002BC9
:1023C00000F08E807B681B687A6AD2B2114618468C
:1023D00002F0AFFD38613B6903F00103002B0CD024
:1023E0007B6A5A01FB69134403F530631A460123E3
:1023F0009360796A786801F01AF83B6903F0080382
:10240000002B0CD07B6A5A01FB69134403F530633F
:102410001A4608239360796A786801F0EFF83B69FF
:1024200003F01003002B08D07B6A5A01FB691344A8
:1024300003F530631A46102393603B6903F00203EF
:10244000002B30D03B6A5B6903F08003802B09D1FD
:10245000FB6903F500635B68FA6902F5006243F407
:10246000806353607A6A1346DB0013449B0003F5D4
:1024700014737A68134404337B617B69DB78012B26
:1024800008D17B690022DA707B6ADBB21946786872
:10249000FDF7DAFF7B6A5A01FB69134403F53063E9
:1024A0001A46022393603B6903F02003002B08D0F7
:1024B0007B6A5A01FB69134403F530631A462023F3
:1024C00093603B6903F40053002B09D07B6A5A01E7
:1024D000FB69134403F530631A464FF400539360CD
:1024E0007B6A01337B62BB6A5B08BB62BB6A002B01
:1024F0007FF462AF7B681B68184602F0B2FC0346AB
:1025000003F48023B3F5802F40F0DB807B681B68E9
:10251000184602F0F4FCB86200237B62CDE0BB6A8F
:1025200003F00103002B00F0C2807B681B687A6A0D
:10253000D2B21146184602F01AFD38613B6903F029
:102540000103002B57D07B6A03F00F03012202FA2C
:1025500003F3FB60FB6903F500635A6BFB68DB4325
:10256000F96901F5006113404B637B6A5A01FB690D
:10257000134403F510631A46012393607B689B792B
:10258000012B32D179687A6A1346DB0013449B0031
:102590000B442033196878687A6A1346DB001344C9
:1025A0009B0003441C331B68194478687A6A1346FD
:1025B000DB0013449B000344203319607B6A002B2B
:1025C00013D179687A6A1346DB0013449B000B44ED
:1025D00024331B68002B08D17B6818687B6803F2E2
:1025E0009C431A46012102F032FD7B6ADBB2194698
:1025F0007868FDF7AEFE3B6903F00803002B08D0B6
:102600007B6A5A01FB69134403F510631A460823D9
:1026100093603B6903F01003002B08D07B6A5A01DA
:10262000FB69134403F510631A46102393603B695A
:1026300003F04003002B08D07B6A5A01FB69134466
:1026400003F510631A46402393603B6903F00203CD
:10265000002B23D0796A386A01F05EFB7A6A134650
:10266000DB0013449B0010337A68134404337B610E
:102670007B69DB78012B08D17B690022DA707B6AE9
:10268000DBB219467868FDF7F1FE7B6A5A01FB69F7
:10269000134403F510631A46022393603B6903F069
:1026A0008003002B03D0796A786800F034FE7B6ADF
:1026B00001337B62BB6A5B08BB62BB6A002B7FF4A1
:1026C0002EAF7B681B68184602F0CBFB034603F075
:1026D0000043B3F1004F22D1FB6903F500635B684F
:1026E000FA6902F5006223F0010353607B6893F8F6
:1026F000CC34012B08D17B68002283F8CC24002144
:10270000786801F019F802E07868FDF78FFE7B68C1
:102710001B685A697B681B6802F000425A617B683B
:102720001B68184602F09DFB034603F40063B3F5F3
:10273000006F12D1FB6903F500639B6803F001038E
:10274000012B02D17868FDF74AFE7B681B685A6945
:102750007B681B6802F400625A617B681B6818463C
:1027600002F07FFB034603F48053B3F5805F40F033
:10277000B780FB6903F500635B68FA6902F50062E4
:1027800023F0010353607B681B681021184601F099
:10279000C3FA0023FB6246E0FB6A5A01FB6913445B
:1027A00003F510631A464FF67F339360FB6A5A01B4
:1027B000FB69134403F510631B68FA6A5101FA6957
:1027C0000A4402F5106223F400131360FB6A5A01F5
:1027D000FB69134403F530631A464FF67F33936069
:1027E000FB6A5A01FB69134403F530631B68FA6AFC
:1027F0005101FA690A4402F5306223F400131360B0
:10280000FB6A5A01FB69134403F530631B68FA6ADB
:102810005101FA690A4402F5306243F00063136023
:10282000FB6A0133FB627B681B791A46FB6A9342A1
:10283000B2D3FB6903F50063DB69FA6902F5006254
:1028400043F00113D3617B68DB7B002B16D0FB695F
:1028500003F50063D3F88430FA6902F5006243F0AF
:102860000B03C2F88430FB6903F500635B6CFA6903
:1028700002F5006243F00B03536415E0FB6903F5B6
:1028800000635B69FA6902F5006243F4005343F0A8
:102890002B035361FB6903F500631B69FA6902F5B9
:1028A000006243F00B031361FB6903F500631B68CF
:1028B000FA6902F5006223F4FE6313607B6818680E
:1028C0007B6899797B6803F29C431A4602F0BFFB50
:1028D0007B681B685A697B681B6802F480525A61E6
:1028E0007B681B68184602F0BCFA034603F40053E9
:1028F000B3F5005F23D17B681B68184602F084FBA8
:102900007B681B68184601F080FA03461A467B680C
:10291000DA717B681C6803F0DBFF01467B68DB79BA
:102920001A46204600F084FF7868FDF73AFD7B6880
:102930001B685A697B681B6802F400525A617B6805
:102940001B68184602F08DFA034603F00803082BB3
:102950000AD17868FDF717FD7B681B685A697B68A8
:102960001B6802F008025A617B681B68184602F077
:1029700078FA034603F08003802B23D13B6A9B69DE
:1029800023F080023B6A9A6101237B6214E079683C
:102990007A6A1346DB0013449B000B4403F257236F
:1029A0001B78012B05D17B6ADBB21946786800F0F1
:1029B000FDFB7B6A01337B627B681B791A467B6A6D
:1029C0009342E4D37B681B68184602F04AFA034638
:1029D00003F48013B3F5801F3CD101237B622BE00D
:1029E0007B6A5A01FB69134403F510631B68BB61E2
:1029F00079687A6A1346DB0013449B000B44183352
:102A00001B78012B15D1BB69002B12DA79687A6A21
:102A10001346DB0013449B000B44173301221A704A
:102A20007B6ADBB263F07F03DBB21946786800F0A3
:102A3000BDFB7B6A01337B627B681B791A467B6A2C
:102A40009342CDD37B681B685A697B681B6802F48C
:102A500080125A617B681B68184602F002FA03462E
:102A600003F40013B3F5001F56D101237B6245E048
:102A70007B6A5A01FB69134403F530631B68BB6131
:102A800079687A6A1346DB0013449B000B4403F514
:102A900016731B78012B2ED1BB69002B2BDABB6977
:102AA0001A0C7B68D3F8D434534003F00103002B95
:102AB00021D179687A6A1346DB0013449B000B44EA
:102AC00003F2572301221A703B6A9B6943F080028C
:102AD0003B6A9A613B6A5B6903F08003002B0AD171
:102AE000FB6903F500635B68FA6902F5006243F471
:102AF0000073536008E07B6A01337B627B681B795B
:102B00001A467B6A9342B3D37B681B685A697B6819
:102B10001B6802F400125A617B681B68184602F0B9
:102B2000A0F9034603F08043B3F1804F0AD17868DF
:102B3000FDF7AEFC7B681B685A697B681B6802F076
:102B400080425A617B681B68184602F08AF9034686
:102B500003F00403042B15D17B681B685B68BB6121
:102B6000BB6903F00403002B02D07868FDF79EFCDC
:102B70007B681B6859687B681B68BA690A435A609E
:102B800000E000BF3437BD4690BD80B485B000AFD3
:102B900078607B681B68FB60FB68B3F1A04F04D1D1
:102BA000074B4FF480225A6103E0054B4FF480122B
:102BB0005A6100BF1437BD465DF8047B704700BF03
:102BC000003C014080B483B000AF78600B46FB70DE
:102BD00000BF0C37BD465DF8047B704780B483B0FE
:102BE00000AF78600B46FB7000BF0C37BD465DF848
:102BF000047B704780B483B000AF786000BF0C37AF
:102C0000BD465DF8047B704780B483B000AF786048
:102C100000BF0C37BD465DF8047B704780B483B0BD
:102C200000AF786000BF0C37BD465DF8047B70478D
:102C300080B483B000AF786000BF0C37BD465DF84C
:102C4000047B704780B483B000AF786000BF0C375E
:102C5000BD465DF8047B704780B483B000AF7860F8
:102C60000B46FB7000BF0C37BD465DF8047B704718
:102C700080B483B000AF78600B46FB7000BF0C37A8
:102C8000BD465DF8047B704780B483B000AF7860C8
:102C900000BF0C37BD465DF8047B704780B483B03D
:102CA00000AF786000BF0C37BD465DF8047B70470D
:102CB00080B584B000AF78607B681B68FB607B6880
:102CC00093F89434012B01D102231DE07B6801228B
:102CD00083F89424FB68DB6803F04003002B09D0E1
:102CE0007B685B7B012B05D1FB689B6B43F48032D7
:102CF000FB689A637B681B68184602F070F87B6873
:102D0000002283F89424002318461037BD4680BD66
:102D100080B584B000AF78607B681B68FB607B681F
:102D200093F89434012B01D102231DE07B6801222A
:102D300083F894247B681B68184602F071F8FB68DE
:102D4000DB6803F04003002B09D07B685B7B012B21
:102D500005D1FB689B6B23F48032FB689A637B6828
:102D6000002283F89424002318461037BD4680BD06
:102D700080B582B000AF78600B46FB707B6893F83B
:102D80009434012B01D1022312E07B68012283F8E5
:102D900094247B68FA785A747B681B68FA78114629
:102DA000184601F0F6FF7B68002283F89424002384
:102DB00018460837BD4680BD80B584B000AF786046
:102DC000084611461A460346FB700B463B801346E5
:102DD000BB700023FB7297F90330002B0FDAFB78EE
:102DE00003F00F021346DB0013449B0010337A6894
:102DF00013440433FB60FB6801225A700FE0FB7838
:102E000003F00F021346DB0013449B0003F5147319
:102E10007A6813440433FB60FB6800225A70FB7825
:102E200003F00F03DAB2FB681A703B88C3F30A029F
:102E3000FB689A60FB68BA781A71FB685B78002BB4
:102E400004D0FB681B781A46FB685A83BB78022BB8
:102E500002D1FB6800225A717B6893F89434012BED
:102E600001D102230EE07B68012283F894247B6861
:102E70001B68F968184600F0EDFF7B68002283F8B4
:102E80009424FB7A18461037BD4680BD80B584B0C7
:102E900000AF78600B46FB7097F90330002B0FDA18
:102EA000FB7803F00F021346DB0013449B00103342
:102EB0007A6813440433FB60FB6801225A700FE008
:102EC000FB7803F00F021346DB0013449B0003F56D
:102ED00014737A6813440433FB60FB6800225A7051
:102EE000FB7803F00F03DAB2FB681A707B6893F883
:102EF0009434012B01D102230EE07B68012283F878
:102F000094247B681B68F968184601F0B2F87B6866
:102F1000002283F89424002318461037BD4680BD54
:102F200080B586B000AFF8607A603B600B46FB72FC
:102F3000FB7A03F00F021346DB0013449B0003F5FA
:102F40001473FA68134404337B617B697A68DA602E
:102F50007B693A681A617B6900225A617B690022A9
:102F60005A70FB7A03F00F03DAB27B691A70FB68C0
:102F70009B79012B02D17A687B69DA61FB6818685A
:102F8000FB689B791A46796901F002FA002318461A
:102F90001837BD4680BD80B483B000AF78600B4663
:102FA000FB70FB7803F00F0279681346DB001344D3
:102FB0009B000B4403F51A731B6818460C37BD467B
:102FC0005DF8047B704780B586B000AFF8607A602A
:102FD0003B600B46FB72FB7A03F00F021346DB00EB
:102FE00013449B001033FA68134404337B617B69FC
:102FF0007A68DA607B693A681A617B6900225A61F3
:103000007B6901225A70FB7A03F00F03DAB27B6905
:103010001A70FB689B79012B02D17A687B69DA61AF
:10302000FB681868FB689B791A46796901F0B0F96A
:10303000002318461837BD4680BD80B584B000AF68
:1030400078600B46FB70FB7803F00F037A68127907
:10305000934201D901234FE097F90330002B0FDA97
:10306000FB7803F00F021346DB0013449B00103380
:103070007A6813440433FB60FB6801225A700DE048
:10308000FA781346DB0013449B0003F514737A6847
:1030900013440433FB60FB6800225A70FB68012272
:1030A0009A70FB7803F00F03DAB2FB681A707B6842
:1030B00093F89434012B01D102231DE07B68012297
:1030C00083F894247B681B68F968184601F03EFD7C
:1030D000FB7803F00F03002B09D17B6818687B682D
:1030E00099797B6803F29C431A4601F0B0FF7B6834
:1030F000002283F89424002318461037BD4680BD73
:1031000080B584B000AF78600B46FB70FB7803F0AD
:103110000F037A681279934201D9012342E097F9AB
:103120000330002B0FDAFB7803F00F021346DB00AD
:1031300013449B0010337A6813440433FB60FB682C
:1031400001225A700FE0FB7803F00F021346DB00F8
:1031500013449B0003F514737A6813440433FB6033
:10316000FB6800225A70FB6800229A70FB7803F01B
:103170000F03DAB2FB681A707B6893F89434012B62
:1031800001D102230EE07B68012283F894247B683E
:103190001B68F968184601F047FD7B68002283F838
:1031A0009424002318461037BD4680BD80B584B0F6
:1031B00000AF78600B46FB7097F90330002B0CDAF8
:1031C000FB7803F00F021346DB0013449B0010331F
:1031D0007A6813440433FB600CE0FB7803F00F02C1
:1031E0001346DB0013449B0003F514737A68134401
:1031F0000433FB607B681B68F968184601F066FBC6
:103200000346FB72FB7A18461037BD4680BD80B579
:1032100082B000AF78600B46FB707B6893F8943403
:10322000012B01D102231BE07B68012283F8942447
:1032300097F90330002B09DA7B681A68FB7803F0F2
:103240000F031946104600F067FD04E07B681B6819
:10325000184600F093FD7B68002283F89424002335
:1032600018460837BD4680BD80B582B000AF786093
:103270007B681B68184602F04BFE03461846083769
:10328000BD4680BD80B582B000AF78607B681B68AA
:10329000184602F05CFE034618460837BD4680BD5E
:1032A00080B483B000AF78607B6893F89534DBB26C
:1032B00018460C37BD465DF8047B704780B485B076
:1032C00000AF78600B46FB707B681B68FB60FB6897
:1032D000BB60FB78013B042B15D8BB6803F500638A
:1032E0005B68BA6802F5006223F070035360BB6844
:1032F00003F500635A68FB781B01B96801F50061AA
:1033000013434B6000E000BF002318461437BD464E
:103310005DF8047B704780B58AB002AF7860396091
:103320007B681B687B617B693B613A681346DB0005
:1033300013449B0010337A6813440433FB60FB682A
:103340005A69FB681B699A4201D901236BE0FB684B
:103350001A69FB685B69D31AFB61FB689B68FA69B1
:103360009A4202D9FB689B68FB61FB6903339B08A7
:10337000BB612AE0FB681A69FB685B69D31AFB61D1
:10338000FB689B68FA699A4202D9FB689B68FB61FB
:10339000FB6903339B08BB61FB68D9683B68DAB201
:1033A000FB6998B27B689B7900930346786901F0CA
:1033B00037FBFB68DA68FB691A44FB68DA60FB6874
:1033C0005A69FB691A44FB685A613B685A013B69B8
:1033D000134403F510639B699BB2BA699A4209D8FA
:1033E000FB685A69FB681B699A4203D2FB681B6938
:1033F000002BBFD1FB681A69FB685B699A4211D840
:103400003B6803F00F03012202FA03F3BB603B6940
:1034100003F500635A6BBB68DB43396901F5006152
:1034200013404B63002318462037BD4680BD80B54E
:1034300088B000AF786039607B681B68FB61FB690E
:10344000BB61FB693C3304331B687B613B685A01F9
:10345000BB69134403F530639B683B617B689B79D0
:10346000012B7BD13B6903F00803002B15D07B694E
:10347000604A934240F2B9803B6903F40043002B59
:1034800000F0B3803B685A01BB69134403F5306315
:103490001A464FF400439360A7E03B6903F0200312
:1034A000002B09D03B685A01BB69134403F5306314
:1034B0001A462023936098E03B6903F02803002B11
:1034C00040F093807B694B4A93420FD93B6903F4E8
:1034D0000043002B0AD03B685A01BB69134403F533
:1034E00030631A464FF4004393607EE03A68134617
:1034F000DB0013449B0003F514737A681344043310
:10350000FB60FB681A6A3B685901BB690B4403F511
:1035100030631B69C3F31203D21AFB685A613B681C
:10352000002B14D1FB681B69002B09D17B6818683C
:103530007B6803F29C431A46012101F088FD06E0F6
:10354000FB68DA68FB685B691A44FB68DA603B6811
:10355000DBB219467868FCF7E1FE46E07B69264A53
:10356000934224D13B6903F40043002B0AD03B680B
:103570005A01BB69134403F530631A464FF4004304
:10358000936032E03B6903F02003002B08D03B68D6
:103590005A01BB69134403F530631A462023936034
:1035A0003B68DBB219467868FCF7B8FE1DE03B6863
:1035B000002B14D179683A681346DB0013449B0052
:1035C0000B4403F519731B68002B08D17B6818683E
:1035D0007B6803F29C431A46002101F038FD3B68EA
:1035E000DBB219467868FCF799FE002318462037AD
:1035F000BD4680BD0A30544F0A31544F80B586B065
:1036000000AF786039607B681B687B617B693B61D8
:103610007B693C3304331B68FB603B685A013B69A0
:10362000134403F530639B68BB60FB68154A934203
:103630000ED9BB6803F40043002B09D03B685A0144
:103640003B69134403F530631A464FF4004393601B
:103650007868FCF751FEFB680A4A93420CD97B68F4
:103660009B79012B08D17B6818687B6803F29C4327
:103670001A46012101F0EBFC002318461837BD461D
:1036800080BD00BF0A30544F80B485B000AF786071
:103690000B46FB7013463B807B681B685B6ABB6014
:1036A000FB78002B07D13B8819047B681B68BA683C
:1036B0000A439A6228E07B681B689B6A1B0CBA6805
:1036C0001344BB600023FB730DE07B681A68FB7B2F
:1036D00040339B0013445B681B0CBA681344BB6007
:1036E000FB7B0133FB73FA7BFB78013B9A42ECD303
:1036F0003B8818047B681968FB78013BBA68024371
:1037000040339B000B445A60002318461437BD46D3
:103710005DF8047B704780B483B000AF78600B46DF
:103720007B807B681B687A885A62002318460C37B6
:10373000BD465DF8047B704780B483B000AF78600D
:103740000B46FB7000BF0C37BD465DF8047B70472D
:1037500080B483B000AF78600B46FB7000BF0C37BD
:10376000BD465DF8047B704784B080B584B000AF7F
:10377000786007F11C0080E80E0097F82130012BDB
:1037800023D17B689B6B23F480327B689A637B68D0
:10379000DB6823F4840323F040037A68D3607B68FA
:1037A000DB6823F440127B68DA6097F82830012B3D
:1037B00005D17B68DB6843F480127B68DA60786847
:1037C00001F0A2FC0346FB731BE07B68DB6843F05F
:1037D00040027B68DA60786801F096FC0346FB7370
:1037E00097F82530002B06D17B689B6B43F4803221
:1037F0007B689A6305E07B689B6B23F480327B686F
:103800009A63BB7F012B0BD17B689B6843F0060258
:103810007B689A607B689B6843F020027B689A60B3
:10382000FB7B18461037BD46BDE8804004B07047AA
:1038300080B487B000AFF860B9601346FB71FB79C4
:10384000022B65D1BB68414A934206D9BB68404A06
:10385000934202D20F237B6162E0BB683C4A9342F1
:1038600006D3BB683B4A934202D20E237B6157E0EA
:10387000BB68384A934206D3BB68374A934202D2A8
:103880000D237B614CE0BB68334A934206D3BB688F
:10389000324A934202D80C237B6141E0BB682F4A35
:1038A000934206D9BB682E4A934202D80B237B6110
:1038B00036E0BB682A4A934206D9BB68294A93423C
:1038C00002D80A237B612BE0BB68264A934206D9C3
:1038D000BB68254A934202D209237B6120E0BB6882
:1038E000214A934206D3BB68204A934202D8082358
:1038F0007B6115E0BB681D4A934206D9BB681C4A30
:10390000934202D207237B610AE006237B6107E032
:10391000FB79002B02D109237B6101E009237B6144
:10392000FB68DB6823F47052FB68DA60FB68DA68D6
:103930007B699B0203F470531A43FB68DA6000232F
:1039400018461C37BD465DF8047B7047BFACD800F5
:10395000C0E1E4000024F400807306019F491A01CD
:10396000FF2C31013FA44C0100366E011FABA601B4
:103970000048E80180B483B000AF78607B689B6842
:1039800043F001027B689A60002318460C37BD465D
:103990005DF8047B704780B483B000AF78607B68CB
:1039A0009B6823F001027B689A60002318460C375D
:1039B000BD465DF8047B704780B584B000AF786089
:1039C0000B46FB700023FB607B68DB6823F0C04282
:1039D0007B68DA60FB78012B15D17B68DB6843F0EC
:1039E00000527B68DA600A2007F03AFCFB680A3371
:1039F000FB60786801F0FAFA0346012B1ED0FB68E1
:103A0000C72BF0D91AE0FB78002B15D17B68DB6857
:103A100043F080427B68DA600A2007F021FCFB68F3
:103A20000A33FB60786801F0E1FA0346002B05D009
:103A3000FB68C72BF0D901E0012305E0FB68C82B28
:103A400001D1012300E0002318461037BD4680BD98
:103A500084B080B586B000AF786007F1240080E8BC
:103A60000E000023FB757B68FB6000233B6109E0CF
:103A70007A683B6940339B00134400225A603B69DB
:103A800001333B613B690E2BF2D997F82E30002BA6
:103A90001CD1FB6803F500635B68FA6802F50062FD
:103AA00043F0020353607B689B6B43F400127B6816
:103AB0009A637B689B6B23F400227B689A637B6824
:103AC0009B6B23F480227B689A630BE07B689B6B83
:103AD00023F400127B689A637B689B6B43F400229B
:103AE0007B689A63FB6803F560631A4600231360E2
:103AF00097F82930012B0DD197F82730002B04D1EE
:103B00000021786800F068F908E00121786800F089
:103B100063F903E00321786800F05EF9102178680A
:103B200000F0FAF80346002B01D00123FB757868FA
:103B300000F024F90346002B01D00123FB75FB683C
:103B400003F500631A4600231361FB6803F5006365
:103B50001A4600235361FB6803F500631A460023ED
:103B6000D36100233B6143E03B695A01FB68134486
:103B700003F510631B6803F00043B3F1004F18D145
:103B80003B69002B0AD13B695A01FB68134403F5DA
:103B900010631A464FF00063136013E03B695A014B
:103BA000FB68134403F510631A464FF0904313600B
:103BB00008E03B695A01FB68134403F510631A4699
:103BC000002313603B695A01FB68134403F510633B
:103BD0001A46002313613B695A01FB68134403F53D
:103BE00010631A464FF67F3393603B6901333B61A4
:103BF00097F824301A463B699342B5D300233B61C2
:103C000043E03B695A01FB68134403F530631B68CA
:103C100003F00043B3F1004F18D13B69002B0AD1E8
:103C20003B695A01FB68134403F530631A464FF0B1
:103C30000063136013E03B695A01FB68134403F50A
:103C400030631A464FF09043136008E03B695A0115
:103C5000FB68134403F530631A46002313603B6985
:103C60005A01FB68134403F530631A4600231361BD
:103C70003B695A01FB68134403F530631A464FF65B
:103C80007F3393603B6901333B6197F824301A46D8
:103C90003B699342B5D3FB6803F500631B69FA687F
:103CA00002F5006223F4807313617B6800229A613D
:103CB0007B686FF080425A6197F82630002B05D15F
:103CC0007B689B6943F010027B689A617B689A6904
:103CD000104B13437A68936197F82A30002B05D074
:103CE0007B689B6943F008027B689A6197F82E30E5
:103CF000012B07D17B689B6943F0804343F00403A9
:103D00007A689361FB7D18461837BD46BDE8804050
:103D100004B0704700383C8080B485B000AF786054
:103D200039600023FB60FB680133FB60FB68B3F183
:103D3000706F01D903231BE07B681B69002BF2DA4B
:103D40000023FB603B689B0143F020027B681A6103
:103D5000FB680133FB60FB68B3F1706F01D903238B
:103D600006E07B681B6903F02003202BF0D00023C2
:103D700018461437BD465DF8047B704780B485B0A3
:103D800000AF78600023FB60FB680133FB60FB68D9
:103D9000B3F1706F01D9032318E07B681B69002B16
:103DA000F2DA0023FB607B6810221A61FB680133A2
:103DB000FB60FB68B3F1706F01D9032306E07B68F9
:103DC0001B6903F01003102BF0D0002318461437A2
:103DD000BD465DF8047B704780B485B000AF786065
:103DE0000B46FB707B68FB60FB6803F500631A6899
:103DF000FB78F96801F5006113430B600023184656
:103E00001437BD465DF8047B704780B487B000AFBF
:103E100078607B683B613B6903F500639B6803F056
:103E20000603FB60FB68002B02D10023FB750AE050
:103E3000FB68022B02D0FB68062B02D10223FB7524
:103E400001E00F23FB75FB7D18461C37BD465DF86E
:103E5000047B704780B485B000AF786039607B68C0
:103E6000FB603B681B78BB603B685B78012B3AD1F9
:103E7000FB6803F50063DA693B681B7803F00F0306
:103E8000012101FA03F39BB2F96801F500611343C4
:103E9000CB61BB685A01FB68134403F510631B68D0
:103EA00003F40043002B55D1BB685A01FB6813444F
:103EB00003F510631A683B689B68C3F30A013B680B
:103EC0001B799B041943BB689B050B431343BA68DA
:103ED0005101FA680A4402F5106243F0805343F43A
:103EE0000043136036E0FB6803F50063DA693B6862
:103EF0001B7803F00F03012101FA03F31B04F96897
:103F000001F500611343CB61BB685A01FB681344A0
:103F100003F530631B6803F40043002B1AD1BB6820
:103F20005A01FB68134403F530631A683B689B68C9
:103F3000C3F30A013B681B799B040B431343BA6824
:103F40005101FA680A4402F5306243F0805343F4A9
:103F500000431360002318461437BD465DF8047B08
:103F6000704780B485B000AF786039607B68FB60D3
:103F70003B681B78BB603B685B78012B3AD1BB6820
:103F80005A01FB68134403F510631B6803F40043F4
:103F9000002B1DD1BB685A01FB68134403F5106365
:103FA0001A683B689B68C3F30A013B681B799B0452
:103FB0001943BB689B050B431343BA685101FA6868
:103FC0000A4402F5106243F0805343F40043136047
:103FD000FB6803F50063DA6B3B681B7803F00F03A3
:103FE000012101FA03F39BB2F96801F50061134363
:103FF000CB6337E0BB685A01FB68134403F53063B9
:104000001B6803F40043002B1BD1BB685A01FB68FB
:10401000134403F530631A683B689B68C3F30A01D5
:104020003B681B799B041943BB689B050B431343F7
:10403000BA685101FA680A4402F5306243F4004359
:104040001360FB6803F50063DA6B3B681B7803F0D1
:104050000F03012101FA03F31B04F96801F5006164
:104060001343CB63002318461437BD465DF8047B29
:10407000704780B485B000AF786039607B68FB60C2
:104080003B681B78BB603B685B78012B61D1BB68E8
:104090005A01FB68134403F510631B6803F00043E7
:1040A000B3F1004F1FD1BB685A01FB68134403F5FD
:1040B00010631B68BA685101FA680A4402F510627D
:1040C00043F000631360BB685A01FB68134403F5B7
:1040D00010631B68BA685101FA680A4402F510625D
:1040E00043F080431360FB6803F50063DA6B3B68C1
:1040F0001B7803F00F03012101FA03F39BB2DB43AA
:10410000F96801F500611340CB63FB6803F50063B8
:10411000DA693B681B7803F00F03012101FA03F30E
:104120009BB2DB43F96801F500611340CB61BB68CA
:104130005A01FB68134403F510631A68BB68590100
:10414000FB680B4403F510631946364B13400B60B4
:1041500060E0BB685A01FB68134403F530631B68D9
:1041600003F00043B3F1004F1FD1BB685A01FB6855
:10417000134403F530631B68BA685101FA680A44B6
:1041800002F5306243F000631360BB685A01FB68BC
:10419000134403F530631B68BA685101FA680A4496
:1041A00002F5306243F080431360FB6803F500635F
:1041B000DA6B3B681B7803F00F03012101FA03F36C
:1041C0001B04DB43F96801F500611340CB63FB6816
:1041D00003F50063DA693B681B7803F00F030121E4
:1041E00001FA03F31B04DB43F96801F50061134096
:1041F000CB61BB685A01FB68134403F530631A684E
:10420000BB685901FB680B4403F530631946064B44
:1042100013400B60002318461437BD465DF8047B3D
:10422000704700BF007833EC0078F3EF80B485B0BE
:1042300000AF786039607B68FB603B681B78BB60CF
:104240003B685B78012B4ED1BB685A01FB68134475
:1042500003F510631B6803F00043B3F1004F1FD157
:10426000BB685A01FB68134403F510631B68BA6806
:104270005101FA680A4402F5106243F000631360CA
:10428000BB685A01FB68134403F510631B68BA68E6
:104290005101FA680A4402F5106243F0804313604A
:1042A000BB685A01FB68134403F510631B68BA68C6
:1042B0005101FA680A4402F5106223F400431360C6
:1042C000FB6803F50063DA693B681B7803F00F03B2
:1042D000012101FA03F39BB2DB43F96801F50061A8
:1042E0001340CB614DE0BB685A01FB68134403F5F2
:1042F00030631B6803F00043B3F1004F1FD1BB686C
:104300005A01FB68134403F530631B68BA68510116
:10431000FA680A4402F5306243F000631360BB6838
:104320005A01FB68134403F530631B68BA685101F6
:10433000FA680A4402F5306243F080431360BB68B8
:104340005A01FB68134403F530631B68BA685101D6
:10435000FA680A4402F5306223F400431360FB68F4
:1043600003F50063DA693B681B7803F00F03012152
:1043700001FA03F31B04DB43F96801F50061134004
:10438000CB61002318461437BD465DF8047B7047A7
:1043900080B58AB002AFF860B9601346FB71FB6864
:1043A000FB61BB681B78BB61BB685B78012B40F08D
:1043B0007F81BB681B69002B32D1BB695A01FB6945
:1043C000134403F510631B69BA695101FA690A4481
:1043D00002F5106223F0FF5323F4C0131361BB698D
:1043E0005A01FB69134403F510631B69BA69510153
:1043F000FA690A4402F5106243F400231361BB69B1
:104400005A01FB69134403F510631B69BA69510132
:10441000FA690A4402F51062DB0CDB04136197E0D1
:10442000BB695A01FB69134403F510631B69BA6940
:104430005101FA690A4402F51062DB0CDB041361D6
:10444000BB695A01FB69134403F510631B69BA6920
:104450005101FA690A4402F5106223F0FF5323F474
:10446000C0131361BB69002B1AD1BB681A69BB6802
:104470009B689A4203D9BB689A68BB681A61BB699A
:104480005A01FB69134403F510631B69BA695101B2
:10449000FA690A4402F5106243F40023136144E010
:1044A000BB681A69BB689B6813445A1EBB689B684B
:1044B000B2FBF3F3FB82BB695A01FB69134403F5BA
:1044C00010631A69FB8AD904A44B0B40B9694801EF
:1044D000F969014401F5106113430B61BB681B7955
:1044E000012B22D1BB695A01FB69134403F5106308
:1044F0001B69BA695101FA690A4402F5106223F096
:10450000C0431361BB695A01FB69134403F510638F
:104510001A69FB8A5B0703F0C043B9694801F9696E
:10452000014401F5106113430B61BB695A01FB693A
:10453000134403F510631A69BB681B69C3F31203C4
:10454000B9694801F969014401F5106113430B6130
:10455000FB79012B4BD1BB68DB69002B09D0BB6910
:104560005A01FB69134403F510631A46BB68DB6903
:104570005361BB681B79012B28D1FB6903F50063EC
:104580009B6803F48073002B10D1BB695A01FB694F
:10459000134403F510631B68BA695101FA690A44B0
:1045A00002F5106243F0005313600FE0BB695A013B
:1045B000FB69134403F510631B68BA695101FA697A
:1045C0000A4402F5106243F080531360BB695A013C
:1045D000FB69134403F510631B68BA695101FA695A
:1045E0000A4402F5106243F00443136066E1BB69BC
:1045F0005A01FB69134403F510631B68BA69510142
:10460000FA690A4402F5106243F004431360BB6880
:104610001B79012B15D0BB681B69002B00F04E8164
:10462000FB6903F500635A6BBB681B7803F00F034B
:10463000012101FA03F3F96901F5006113434B63AA
:104640003CE1FB6903F500639B6803F48073002B76
:1046500010D1BB695A01FB69134403F510631B6851
:10466000BA695101FA690A4402F5106243F0005335
:1046700013600FE0BB695A01FB69134403F5106333
:104680001B68BA695101FA690A4402F5106243F0E5
:1046900080531360BB68D968BB681A78BB681B6914
:1046A00098B2FB7900930346F86800F0B9F905E188
:1046B000BB695A01FB69134403F530631B69BA698E
:1046C0005101FA690A4402F53062DB0CDB04136124
:1046D000BB695A01FB69134403F530631B69BA696E
:1046E0005101FA690A4402F5306223F0FF5323F4C2
:1046F000C0131361BB69002B32D1BB681B69002B4F
:1047000003D0BB689A68BB681A61BB689A68BB68CB
:104710001A62BB695A01FB69134403F530631A69D5
:10472000BB681B6AC3F31203B9694801F969014404
:1047300001F5306113430B61BB695A01FB691344F6
:1047400003F530631B69BA695101FA690A4402F53D
:10475000306243F40023136162E000BF0000F81FE1
:10476000BB681B69002B23D1BB695A01FB69134449
:1047700003F530631A69BB689B68C3F31203B96918
:104780004801F969014401F5306113430B61BB69CC
:104790005A01FB69134403F530631B69BA6951017F
:1047A000FA690A4402F5306243F40023136137E0EA
:1047B000BB681A69BB689B6813445A1EBB689B6838
:1047C000B2FBF3F3FB82BB689B68FA8A03FB02F23D
:1047D000BB681A62BB695A01FB69134403F5306375
:1047E0001A69FB8AD904384B0B40B9694801F96949
:1047F000014401F5306113430B61BB695A01FB6948
:10480000134403F530631A69BB681B6AC3F31203D0
:10481000B9694801F969014401F5306113430B613D
:10482000FB79012B0DD1BB68DB68002B09D0BB687D
:10483000D968BB695A01FB69134403F530630A4622
:104840005A61BB681B79012B28D1FB6903F5006312
:104850009B6803F48073002B10D1BB695A01FB697C
:10486000134403F530631B68BA695101FA690A44BD
:1048700002F5306243F0005313600FE0BB695A0148
:10488000FB69134403F530631B68BA695101FA6987
:104890000A4402F5306243F080531360BB695A0149
:1048A000FB69134403F530631B68BA695101FA6967
:1048B0000A4402F5306243F00443136000231846B3
:1048C0002037BD4680BD00BF0000F81F80B487B010
:1048D00000AF786039600023FB600023FB757B68C4
:1048E0003B613B685B78012B4AD13B681B785A01DE
:1048F0003B69134403F510631B6803F00043B3F1F5
:10490000004F40F086803B681B785A013B69134496
:1049100003F510631B683A68127851013A690A443A
:1049200002F5106243F0006313603B681B785A0184
:104930003B69134403F510631B683A681278510110
:104940003A690A4402F5106243F080431360FB6841
:104950000133FB60FB6842F21072934202D90123DB
:10496000FB7556E03B681B785A013B69134403F51D
:1049700010631B6803F00043B3F1004FE7D048E039
:104980003B681B785A013B69134403F530631B688D
:1049900003F00043B3F1004F3BD13B681B785A0151
:1049A0003B69134403F530631B683A681278510180
:1049B0003A690A4402F5306243F0006313603B68D1
:1049C0001B785A013B69134403F530631B683A684E
:1049D000127851013A690A4402F5306243F080438B
:1049E0001360FB680133FB60FB6842F21072934274
:1049F00002D90123FB750CE03B681B785A013B6927
:104A0000134403F530631B6803F00043B3F1004F18
:104A1000E7D0FB7D18461C37BD465DF8047B704728
:104A200080B489B000AFF860B96011461A460B46F1
:104A3000FB711346BB80FB687B61BB68FB6197F829
:104A40002830002B23D1BB8803339B083B61002314
:104A5000BB6118E0FB791A037B69134403F58053AB
:104A60001A46FB691B681360FB690133FB61FB6934
:104A70000133FB61FB690133FB61FB690133FB61BE
:104A8000BB690133BB61BA693B699A42E2D3002337
:104A900018462437BD465DF8047B704780B48BB060
:104AA00000AFF860B9601346FB80FB68BB61BB6870
:104AB0007B62FB889B089BB27B61FB8803F003034E
:104AC000FB8300233B6214E0BB6903F580531A6843
:104AD0007B6A1A607B6A01337B627B6A01337B628B
:104AE0007B6A01337B627B6A01337B623B6A013301
:104AF0003B623A6A7B699A42E6D3FB8B002B1ED05D
:104B000000233B62BB6903F580531A4607F110038B
:104B100012681A603A693B6ADBB2DB0022FA03F3DF
:104B2000DAB27B6A1A703B6A01333B627B6A0133FB
:104B30007B62FB8B013BFB83FB8B002BEAD17B6A07
:104B400018462C37BD465DF8047B704780B485B0AD
:104B500000AF786039607B68FB603B681B78BB60A6
:104B60003B685B78012B2CD1BB685A01FB6813446E
:104B700003F510631B68002B12DBBB68002B0FD002
:104B8000BB685A01FB68134403F510631B68BA68DD
:104B90005101FA680A4402F5106223F08043136061
:104BA000BB685A01FB68134403F510631B68BA68BD
:104BB0005101FA680A4402F5106243F400131360CD
:104BC0002BE0BB685A01FB68134403F530631B6894
:104BD000002B12DBBB68002B0FD0BB685A01FB68AF
:104BE000134403F530631B68BA685101FA680A443C
:104BF00002F5306223F080431360BB685A01FB6802
:104C0000134403F530631B68BA685101FA680A441B
:104C100002F5306243F40013136000231846143782
:104C2000BD465DF8047B704780B485B000AF786006
:104C300039607B68FB603B681B78BB603B685B78D6
:104C4000012B28D1BB685A01FB68134403F510639C
:104C50001B68BA685101FA680A4402F5106223F42D
:104C6000001313603B681B79032B03D03B681B794F
:104C7000022B38D1BB685A01FB68134403F510635B
:104C80001B68BA685101FA680A4402F5106243F0E1
:104C90008053136027E0BB685A01FB68134403F597
:104CA00030631B68BA685101FA680A4402F5306241
:104CB00023F4001313603B681B79032B03D03B687C
:104CC0001B79022B0FD1BB685A01FB68134403F513
:104CD00030631B68BA685101FA680A4402F5306211
:104CE00043F080531360002318461437BD465DF827
:104CF000047B704780B586B000AF78607B683B610D
:104D000000237B6116E07B695A013B69134403F57C
:104D100010631A464FF67F3393607B695A013B69F3
:104D2000134403F530631A464FF67F3393607B6973
:104D300001337B617B690E2BE5D93B6903F5006389
:104D40001A46002313613B6903F500631A460023EA
:104D500053613B6903F500631A460023D361786809
:104D6000FFF70CF80346FB73FB7B002B01D0FB7BAA
:104D70000BE010217868FEF7CFFF0346FB73FB7B47
:104D8000002B01D0FB7B00E0FB7B18461837BD46AB
:104D900080BD80B485B000AF78600B46FB707B6847
:104DA000FB60FB6803F500631B68FA6802F50062AC
:104DB00023F4FE631360FB6803F500631A68FB7855
:104DC0001B0103F4FE63F96801F5006113430B60F6
:104DD000002318461437BD465DF8047B704780B445
:104DE00085B000AF78607B68FB60FB6803F56063AB
:104DF0001B68FA6802F5606223F003031360FB6826
:104E000003F500635B68FA6802F5006223F00203B1
:104E10005360002318461437BD465DF8047B704785
:104E200080B485B000AF78607B68FB60FB6803F5F9
:104E300060631B68FA6802F5606223F00303136085
:104E4000FB6803F500635B68FA6802F5006243F0F3
:104E500002035360002318461437BD465DF8047BF7
:104E6000704780B485B000AF78607B685B69FB6099
:104E70007B689B69FA681340FB60FB68184614372F
:104E8000BD465DF8047B704780B485B000AF7860A4
:104E90000B46FB707B68FB60FB785A01FB68134490
:104EA00003F5A0639B68BB60FB785A01FB68134461
:104EB00003F5A063DB68BA681340BB60BB681846A3
:104EC0001437BD465DF8047B704780B485B000AFF1
:104ED00078607B68FB60FB6803F500639B69BB60DF
:104EE000FB6803F50063DB69BA681340BB60BB680D
:104EF0001B0C18461437BD465DF8047B704780B420
:104F000085B000AF78607B68FB60FB6803F50063E9
:104F10009B69BB60FB6803F50063DB69BA681340FB
:104F2000BB60BB689BB218461437BD465DF8047B76
:104F3000704780B485B000AF78600B46FB707B682B
:104F4000FB60FB785A01FB68134403F530639B68F0
:104F5000BB60FB6803F500635B69BA681340BB6024
:104F6000BB6818461437BD465DF8047B704780B4B3
:104F700087B000AF78600B46FB707B687B617B6914
:104F800003F500631B693B617B6903F500635B6BA1
:104F9000FB60FB7803F00F03FA6822FA03F3DB01EE
:104FA000DBB23A6913433B61FB785A017B691344D6
:104FB00003F510639B683A691340BB60BB681846F1
:104FC0001C37BD465DF8047B704780B483B000AFEA
:104FD000786039607B685A693B681A407B685A611F
:104FE00000BF0C37BD465DF8047B704780B483B0CA
:104FF00000AF78607B685B6903F0010318460C37EB
:10500000BD465DF8047B704780B485B000AF786022
:105010007B68FB60FB6803F510631B68FA6802F5A8
:10502000106223F4FF6323F007031360FB6803F5AA
:1050300000635B68FA6802F5006243F480735360B2
:10504000002318461437BD465DF8047B704780B4D2
:1050500087B000AFF8600B467A60FB72FB687B613B
:10506000FB683C3304331B683B613B69254A934230
:105070000AD97B6903F530631B6803F00043B3F181
:10508000004F01D1002337E07B6903F530631A46F6
:10509000002313617B6903F530631B697A6902F5AC
:1050A000306243F4002313617B6903F530631B69AD
:1050B0007A6902F5306243F0180313617B6903F5E6
:1050C00030631B697A6902F5306243F0C0431361B3
:1050D000FB7A012B0FD17B6903F530631A467B689D
:1050E00053617B6903F530631B687A6902F53062AE
:1050F00043F080231360002318461C37BD465DF83B
:10510000047B70470A30544F80B485B000AF78609C
:105110000023FB60FB680133FB60FB68B3F1706F39
:1051200001D9032322E07B681B69002BF2DA0A23F2
:10513000FB6002E0FB68013BFB60FB68002BF9D1E0
:105140007B681B6943F001027B681A61FB680133CD
:10515000FB60FB68B3F1706F01D9032306E07B6845
:105160001B6903F00103012BF0D00023184614370C
:10517000BD465DF8047B704784B080B586B000AF53
:10518000786007F1240080E80E000023FB757B683F
:10519000FB60FB6803F560631A46002313607B68BD
:1051A0009B6B43F400127B689A637B689B6B23F4D0
:1051B00000227B689A637B689B6B23F480227B6868
:1051C0009A637B68DB6803F04003002B19D197F8E2
:1051D0002730012B0AD1FB6803F580631B68FA684E
:1051E00002F5806243F00403136014E0FB6803F5EA
:1051F00080631B68FA6802F5806223F00403136081
:1052000009E0FB6803F580631B68FA6802F58062B9
:1052100023F00403136010217868FEF77DFD034638
:10522000002B01D00123FB757868FEF7A7FD03462C
:10523000002B01D00123FB7500233B6115E03B6986
:105240005A01FB68134403F5A0631A464FF0FF337D
:1052500093603B695A01FB68134403F5A0631A4647
:105260000023D3603B6901333B6197F825301A4630
:105270003B699342E3D37B6800229A617B684FF0DD
:10528000FF325A617B6880225A627B680E4A9A62BA
:105290007B680E4AC3F8002197F82630002B05D111
:1052A0007B689B6943F010027B689A617B689A690E
:1052B000074B13437A689361FB7D18461837BD4648
:1052C000BDE8804004B0704780006000E00040000E
:1052D000080020A380B485B000AF78600B46FB7057
:1052E0007B68FB60FB6803F580631B68FA6802F566
:1052F000806223F003031360FB6803F580631A6880
:10530000FB7803F00303F96801F5806113430B6038
:10531000FB78012B07D1FB6803F580631A464BF637
:10532000803353600CE0FB78022B07D1FB6803F558
:1053300080631A4641F27073536001E0012300E07C
:10534000002318461437BD465DF8047B704780B5CE
:1053500084B000AF78607B68FB600023BB60FB68B3
:1053600003F588631B68BB60BB6823F02E03BB603A
:10537000BB68FA6802F5886243F4807313606420A6
:1053800005F06EFFBB68FA6802F5886223F480734B
:1053900013600A2005F064FF002318461037BD464D
:1053A00080BD80B485B000AF78600B46FB707B6831
:1053B000FB600023BB60FB6803F588631B68BB6070
:1053C000BB6823F02E03BB60BB6803F48053002B43
:1053D00009D1FB78012B06D1BB68FA6802F5886217
:1053E00043F480531360BB6803F48053B3F5805FCC
:1053F00009D1FB78002B06D1BB68FA6802F58862F8
:1054000023F480531360002318461437BD465DF81B
:10541000047B704780B485B000AF78607B68FB6028
:105420000023BB60FB6803F588631B68BB60BB6837
:105430005B0C03F0030318461437BD465DF8047B8C
:10544000704780B485B000AF78607B68FB60FB6814
:1054500003F580639B689BB218461437BD465DF820
:10546000047B704780B588B000AF7860084611466D
:105470001A460346FB700B46BB7013467B70002335
:10548000FB777B683B61FB785A013B69134403F56A
:10549000A0631A464FF0FF33936097F82C30032B2C
:1054A00067D801A252F823F0B95400083555000816
:1054B000B9540008F7540008FB785A013B691344BB
:1054C00003F5A0631A4640F29D43D36097F902307A
:1054D000002B51DAFB785A013B69134403F5A063B2
:1054E000DB68FA7851013A690A4402F5A06243F494
:1054F0008073D36040E0FB785A013B69134403F5A5
:10550000A0631A4640F29D63D36097F90230002BE6
:1055100034DAFB785A013B69134403F5A063DB6876
:10552000FA7851013A690A4402F5A06243F48073A3
:10553000D36023E0FB785A013B69134403F5A06371
:105540001A4640F22523D36097F90230002B17DA70
:10555000FB785A013B69134403F5A063DB68FA78D2
:1055600051013A690A4402F5A06243F4C073D36062
:1055700006E00123FB7704E000BF02E000BF00E08B
:1055800000BFFB785A013B69134403F5A0631A4638
:1055900000235360FB785A013B69134403F5A06371
:1055A000DB68FA7851013A690A4402F5A06243F0D7
:1055B0000203D3603B6903F580639A69FB7803F0CB
:1055C0000F03012101FA03F3396901F580611343E7
:1055D0008B617B689B6943F000727B689A6197F9E5
:1055E0000230002B03DA4FF40043BB6101E00023DB
:1055F000BB617868FFF70EFFF86097F82830022B40
:1056000006D1FB68022B03D04FF400337B6101E02D
:1056100000237B617B789B0503F0FE52BB78DB02A5
:1056200003F4F0431A4397F82C309B0403F440230F
:105630001A433B8EC3F30A031A43BB691A437B69BF
:105640001343FA7851013A690A4402F5A06243F41F
:105650008013136097F82C30032B03D097F82C306D
:10566000012B0FD1FB785A013B69134403F5A0636A
:105670001B68FA7851013A690A4402F5A06243F0C6
:1056800000531360FB7F18462037BD4680BD80B5B0
:105690008CB002AFF860B9601346FB71FB683B62E7
:1056A000BB685B78FB614FF480737B83BB689B793D
:1056B000012B58D10123FB84BB68DB78002B07D07A
:1056C000FB8CBA68928A03FB02F2BB68DA6179E06C
:1056D000BB689B7C012B30D1BB681B6ABC2B18D9E3
:1056E000BB689B8A1A46BB68DA61BB68DA69BB682B
:1056F0001A62BB68DB68012B03D0BB68DB68022B36
:1057000003D1BB680222DA605CE0BB680122DA6088
:1057100058E0BB681A6ABB68DA61BB68DB68012BBA
:1057200007D0BB68DB68022B03D0BB680422DA60B9
:1057300048E0BB680322DA6044E0FB79012B0DD11D
:10574000BB681B6ABA68928A934207D9FB8CBA6815
:10575000928A03FB02F2BB68DA6133E0BB681A6A23
:10576000BB68DA612EE0BB681B6A002B18D0BB68EF
:105770001B6ABA68928A1344013BBA68928AB3FBE7
:10578000F2F3FB84FA8C7B8B9A420BD97B8BFB84E4
:10579000FB8CBA68928A03FB02F2BB68DA6101E013
:1057A0000123FB84BB68DB78002B07D0FB8CBA6835
:1057B000928A03FB02F2BB68DA6103E0BB681A6AF3
:1057C000BB68DA61BB68DB69C3F31202FB8CD904E6
:1057D000A34B0B401A43BB689B7D5B0703F0C043A0
:1057E000F9694801396A014401F5A06113430B616D
:1057F000FB79002B09D0BB689969FB695A013B6AA8
:10580000134403F5A0630A465A613B6A03F58063BB
:105810009B6803F00103002B0CBF01230023DBB2C4
:105820007B76FB695A013B6A134403F5A0631B684E
:10583000FA6951013A6A0A4402F5A06223F0005362
:105840001360FB695A013B6A134403F5A0631A68AD
:105850007B7E5B07F9694801396A014401F5A06163
:1058600013430B60BB689B79012B40F0C380BB687E
:105870005B7CDB01BA68127C1343FA6951013A6A16
:105880000A4402F5A06243F000435360FB695A01E9
:105890003B6A134403F5A063DB68FA6951013A6A75
:1058A0000A4402F5A06243F06003D360BB68DB7971
:1058B000012B23D1BB68DB78002B1FD1FB695A0178
:1058C0003B6A134403F5A0635B68FA6951013A6AC5
:1058D0000A4402F5A06243F480335360FB695A0125
:1058E0003B6A134403F5A063DB68FA6951013A6A25
:1058F0000A4402F5A06243F04003D360BB689B7C7E
:10590000012B03D0BB689B7C032B17D1BB68DB79D1
:10591000012B13D1BB68DB78012B0FD1FB695A0136
:105920003B6A134403F5A0635B68FA6951013A6A64
:105930000A4402F5A06243F480335360BB689B7C49
:10594000012B62D1BB68DB78002B5ED1BB68DB68C2
:10595000013B032B58D801A252F823F06D590008DF
:105960008F590008B1590008D3590008FB695A0142
:105970003B6A134403F5A0635B68FA6951013A6A14
:105980000A4402F5A06243F4004353603DE0FB6922
:105990005A013B6A134403F5A0635B68FA6951013D
:1059A0003A6A0A4402F5A06243F00E0353602CE009
:1059B000FB695A013B6A134403F5A0635B68FA690B
:1059C00051013A6A0A4402F5A06243F480435360ED
:1059D0001BE0FB695A013B6A134403F5A0635B6853
:1059E000FA6951013A6A0A4402F5A06243F440435D
:1059F00053600AE0FB695A013B6A134403F5A06354
:105A00001A460023536000E000BFFB695A013B6A5D
:105A1000134403F5A0631B683B613B6923F080439B
:105A20003B61BB68DB78002B04D03B6943F4004347
:105A30003B6103E03B6923F400433B613B6943F076
:105A400000433B61FB695A013B6A134403F5A063C1
:105A50001A463B691360FB79002B03D0002355E005
:105A60000000F81FBB68DB78002B4ED1BB681B6AB7
:105A7000002B4AD0BB68DB79002B46D1BB689B7CEE
:105A8000032B31D801A252F823F000BF9D5A000821
:105A9000C15A00089D5A0008C15A0008BB681B6A19
:105AA00003339B08FB82FA8AFB68DB6A9BB29A424B
:105AB0001CD9FB689B6943F02002FB689A6115E0E2
:105AC000BB681B6A03339B08FB82FA8A3B6A03F5B7
:105AD00080631B699BB29A420AD9FB689B6943F0B9
:105AE0008062FB689A6103E000BF02E000BF00E053
:105AF00000BFBB689969BB685A78BB681B6A9BB2D8
:105B000000200090F868FEF78BFF00231846283726
:105B1000BD4680BD80B485B000AF78607B68FB6017
:105B2000FB6803F580635B699BB218461437BD467A
:105B30005DF8047B704780B489B000AF78600B4695
:105B4000FB707B68FB61FB78BB610023BB60BB69BA
:105B50005A01FB69134403F5A0631B689B0C03F017
:105B600003037B61BB695A01FB69134403F5A0631E
:105B70001B68DB0F03F001033B61BB695A01FB6942
:105B8000134403F5A0635B68DB0F03F00103FB60C4
:105B90007B689B6803F02003202B0DD1FB68002B52
:105BA0000AD13B69002B05D07B69012B02D07B69B0
:105BB000032B01D10023D8E07B69002B02D07B6945
:105BC000022B73D1BB695A01FB69134403F5A0632F
:105BD0001B68BA695101FA690A4402F5A06243F0F0
:105BE000804313607B689B6803F02003002B4AD13D
:105BF0007B68DB6A03F47F03002B33D1BB695A0156
:105C0000FB69134403F5A0631B68BA695101FA6983
:105C10000A4402F5A06223F000431360BB695A01F5
:105C2000FB69134403F5A0631B68BA695101FA6963
:105C30000A4402F5A06243F000431360BB680133DD
:105C4000BB60BB68B3F57A7F2ED8BB695A01FB698C
:105C5000134403F5A0631B6803F00043B3F1004F46
:105C6000ECD081E0BB695A01FB69134403F5A063E2
:105C70001B68BA695101FA690A4402F5A06243F04F
:105C80000043136070E0BB695A01FB69134403F5DC
:105C9000A0631B68BA695101FA690A4402F5A0625F
:105CA00043F0004313605FE000BF5DE0BB695A0151
:105CB000FB69134403F5A0631B68BA695101FA69D3
:105CC0000A4402F5A06243F080431360FB6903F5C8
:105CD00080631B6903F47F03002B33D1BB695A0136
:105CE000FB69134403F5A0631B68BA695101FA69A3
:105CF0000A4402F5A06223F000431360BB695A0115
:105D0000FB69134403F5A0631B68BA695101FA6982
:105D10000A4402F5A06243F000431360BB680133FC
:105D2000BB60BB68B3F57A7F1DD8BB695A01FB69BC
:105D3000134403F5A0631B6803F00043B3F1004F65
:105D4000ECD011E0BB695A01FB69134403F5A06371
:105D50001B68BA695101FA690A4402F5A06243F06E
:105D60000043136000E000BF002318462437BD46FF
:105D70005DF8047B704780B487B000AF78600B4655
:105D8000FB707B687B61FB783B610123FB60FB68F8
:105D9000DA04154B13403A6951017A690A4402F555
:105DA000A06243F0004313613B695A017B691344CD
:105DB00003F5A0631B68BB60BB6823F08043BB6036
:105DC000BB6843F00043BB603B695A017B691344E5
:105DD00003F5A0631A46BB681360002318461C37FE
:105DE000BD465DF8047B70470000F81F80B588B0A1
:105DF00000AF78600023FB777B687B610023FB604A
:105E00007868FDF7C8FD10217868FDF785FF034627
:105E1000002B01D00123FB777868FDF7AFFF034625
:105E2000002B01D00123FB770023BB611FE0BB697E
:105E30005A017B69134403F5A0631B683B613B690E
:105E400043F080433B613B6923F000433B613B6986
:105E500023F400433B61BB695A017B69134403F59A
:105E6000A0631A463B691360BB690133BB61BB6920
:105E70000F2BDCD90023BB6134E0BB695A017B697D
:105E8000134403F5A0631B683B613B6943F0804307
:105E90003B613B6943F000433B613B6923F40043B2
:105EA0003B61BB695A017B69134403F5A0631A4641
:105EB0003B691360FB680133FB60FB68B3F57A7FD5
:105EC0000CD8BB695A017B69134403F5A0631B68B6
:105ED00003F00043B3F1004FECD000E000BFBB691A
:105EE0000133BB61BB690F2BC7D97B6903F58063A5
:105EF0001A464FF0FF3353617B684FF0FF325A610F
:105F00007868FDF737FDFB7F18462037BD4680BD1A
:105F100080B485B000AF78607B68FB60FB6803F5F8
:105F200000639B6803F00103012B09D1FB6803F5B3
:105F300000635B68FA6802F5006243F00103536096
:105F4000002318461437BD465DF8047B704780B4C3
:105F500085B000AF78607B68FB60FB6803F5006389
:105F60005B68FA6802F5006223F0010353600023C6
:105F700018461437BD465DF8047B704780B400AF07
:105F800000231846BD465DF8047B704780B586B097
:105F900000AF78607B68002B01D1012367E27B684A
:105FA0001B6803F00103002B75D0884B9B6803F03E
:105FB0000C03042B0CD0854B9B6803F00C03082BBF
:105FC00012D1824B5B6803F48003B3F5800F0BD1D1
:105FD0007E4B1B6803F40033002B5BD07B685B684F
:105FE000002B57D1012342E27B685B68B3F5803F09
:105FF00006D1764B1B68754A43F4803313601DE06D
:106000007B685B68B3F5A02F0CD1704B1B686F4A9F
:1060100043F4802313606D4B1B686C4A43F4803358
:1060200013600BE0694B1B68684A23F480331360EC
:10603000664B1B68654A23F4802313607B685B68AA
:10604000002B13D005F0C0F8386108E005F0BCF86B
:1060500002463B69D31A642B01D9032307E25B4B49
:106060001B6803F40033002BF0D014E005F0ACF80B
:10607000386108E005F0A8F802463B69D31A642BA2
:1060800001D90323F3E1514B1B6803F40033002BC8
:10609000F0D100E000BF7B681B6803F00203002B17
:1060A00063D04A4B9B6803F00C03002B0BD0474B8B
:1060B0009B6803F00C03082B1CD1444B5B6803F472
:1060C0008003002B16D1414B1B6803F00203002B09
:1060D00005D07B68DB68012B01D00123C7E13B4B76
:1060E0001B6823F0F8027B681B69DB003749134308
:1060F0000B603AE07B68DB68002B20D0344B012238
:106100001A6005F061F8386108E005F05DF80246B4
:106110003B69D31A022B01D90323A8E12B4B1B683F
:1061200003F00203002BF0D0284B1B6823F0F80289
:106130007B681B69DB00254913430B6015E0244B8A
:1061400000221A6005F040F8386108E005F03CF8DC
:1061500002463B69D31A022B01D9032387E11B4B6B
:106160001B6803F00203002BF0D17B681B6803F06F
:106170000803002B36D07B685B69002B16D0154BCB
:1061800001221A6005F020F8386108E005F01CF8DB
:1061900002463B69D31A022B01D9032367E10B4B5B
:1061A0005B6F03F00203002BF0D01BE0094B0022D1
:1061B0001A6005F009F838610EE005F005F80246AE
:1061C0003B69D31A022B07D9032350E10038024060
:1061D00000004742800E4742884B5B6F03F002038A
:1061E000002BEAD17B681B6803F00403002B00F04E
:1061F00097800023FB75814B1B6C03F08053002BB1
:106200000FD10023BB607D4B1B6C7C4A43F0805355
:1062100013647A4B1B6C03F08053BB60BB68012393
:10622000FB75774B1B6803F48073002B18D1744BFC
:106230001B68734A43F48073136004F0C5FF386130
:1062400008E004F0C1FF02463B69D31A022B01D9D2
:1062500003230CE16A4B1B6803F48073002BF0D01E
:106260007B689B68012B06D1644B1B6F634A43F02C
:10627000010313671CE07B689B68052B0CD15F4B07
:106280001B6F5E4A43F0040313675C4B1B6F5B4A52
:1062900043F0010313670BE0584B1B6F574A23F081
:1062A00001031367554B1B6F544A23F00403136714
:1062B0007B689B68002B15D004F086FF38610AE0EC
:1062C00004F082FF02463B69D31A41F288329342BE
:1062D00001D90323CBE0494B1B6F03F00203002BD2
:1062E000EED014E004F070FF38610AE004F06CFFB7
:1062F00002463B69D31A41F28832934201D9032303
:10630000B5E03E4B1B6F03F00203002BEED1FB7D8B
:10631000012B05D1394B1B6C384A23F08053136491
:106320007B689B69002B00F0A180344B9B6803F0D5
:106330000C03082B5CD07B689B69022B41D1314B4D
:1063400000221A6004F040FF386108E004F03CFFCE
:1063500002463B69D31A022B01D9032387E0274B5E
:106360001B6803F00073002BF0D17B68DA697B684F
:106370001B6A1A437B685B6A9B011A437B689B6AB2
:106380005B08013B1B041A437B68DB6A1B061B4945
:1063900013434B601B4B01221A6004F015FF386158
:1063A00008E004F011FF02463B69D31A022B01D921
:1063B00003235CE0114B1B6803F00073002BF0D04B
:1063C00054E0104B00221A6004F0FEFE386108E031
:1063D00004F0FAFE02463B69D31A022B01D90323CB
:1063E00045E0064B1B6803F00073002BF0D13DE045
:1063F0007B689B69012B07D1012338E000380240FC
:1064000000700040600047421B4B5B68FB607B688C
:106410009B69012B28D0FB6803F480027B68DB6951
:106420009A4221D1FB6803F03F027B681B6A9A42C3
:106430001AD1FA6847F6C07313407A68526A92011B
:10644000934211D1FB6803F440327B689B6A5B087E
:10645000013B1B049A4207D1FB6803F070627B6822
:10646000DB6A1B069A4201D0012300E00023184694
:106470001837BD4680BD00BF0038024080B584B0EB
:1064800000AF786039607B68002B01D10123CCE03C
:10649000684B1B6803F007033A689A420CD9654BB6
:1064A0003A68D2B21A70634B1B6803F007033A686C
:1064B0009A4201D00123B8E07B681B6803F0020315
:1064C000002B20D07B681B6803F00403002B05D051
:1064D000594B9B68584A43F4E05393607B681B68B0
:1064E00003F00803002B05D0534B9B68524A43F43A
:1064F00060439360504B9B6823F0F0027B689B687D
:106500004D4913438B607B681B6803F00103002B2C
:1065100044D07B685B68012B07D1474B1B6803F4B1
:106520000033002B19D101237FE07B685B68022BCD
:1065300003D07B685B68032B07D13F4B1B6803F0DC
:106540000073002B09D101236FE03B4B1B6803F064
:106550000203002B01D1012367E0374B9B6823F036
:1065600003027B685B68344913438B6004F02CFEA4
:10657000F8600AE004F028FE0246FB68D31A41F2F4
:106580008832934201D903234FE02B4B9B6803F0E1
:106590000C027B685B689B009A42EBD1254B1B6821
:1065A00003F007033A689A420CD2224B3A68D2B2FF
:1065B0001A70204B1B6803F007033A689A4201D017
:1065C000012332E07B681B6803F00403002B08D032
:1065D000194B9B6823F4E0527B68DB681649134330
:1065E0008B607B681B6803F00803002B09D0124BFB
:1065F0009B6823F460427B681B69DB000E491343F0
:106600008B6000F0A1F802460B4B9B681B0903F05E
:106610000F030A49CB5C22FA03F3094A1360094BC2
:106620001B68184604F08CFD002318461037BD4641
:1066300080BD00BF003C0240003802405C100108F1
:10664000700000209400002080B58CB000AFF8608E
:10665000B9607A60FB68002B29D10023BB612B4B0A
:106660001B6B2A4A43F001031363284B1B6B03F097
:106670000103BB61BB694FF48073FB6102233B6282
:106680000323BB6200237B620023FB6207F11C0330
:1066900019461F4801F0B4FB1C4B9B6823F0EC62C9
:1066A000B9687B680B43194913438B6029E00023C9
:1066B0007B61164B1B6B154A43F004031363134BAA
:1066C0001B6B03F004037B617B694FF40073FB6178
:1066D00002233B620323BB6200237B620023FB6235
:1066E00007F11C0319460B4801F08AFB074B9B6816
:1066F00023F078427B68D900BB680B4303491343FE
:106700008B6000BF3037BD4680BD00BF00380240FF
:10671000000002400008024080B400AF034B012299
:106720001A6000BFBD465DF8047B70474C004742CD
:1067300080B400AF034B00221A6000BFBD465DF875
:10674000047B70474C0047422DE9B04F90B000AF3A
:1067500000237B630023FB6300233B630023BB63B5
:10676000584B9B6803F00C03082B0DD0082B00F24C
:10677000A080002B02D0042B03D09AE0524BBB63C5
:106780009AE0524BBB6397E04E4B5B6803F03F03CC
:106790007B634C4B5B6803F48003002B27D0494B91
:1067A0005B689B0900223B627A623B6AC3F3080084
:1067B0000021464B03FB01F2002300FB03F31344CB
:1067C000424AA0FB0221F962BA62FA6A1344FB62F0
:1067D0007B6B0022BB61FA61D7E90623D7E90A0186
:1067E00009F032F802460B461346FB6353E0354B83
:1067F0005B689B0900223B617A613B69C3F3080A2D
:106800004FF0000B52465B464FF000004FF0000186
:10681000590141EAD261500102460B46B2EB0A0827
:1068200063EB0B094FF000024FF000034FEA8913AE
:1068300043EA98634FEA8812B2EB080463EB090558
:106840004FF000024FF00003EB0043EA5473E20004
:1068500014461D4614EB0A033B6045EB0B037B60BB
:106860004FF000024FF00003D7E9004529468B02A4
:10687000214643EA915321468A02104619467B6B12
:106880000022BB60FA60D7E9022308F0DDFF024670
:106890000B461346FB630B4B5B681B0C03F00303B7
:1068A00001335B003B63FA6B3B6BB2FBF3F3BB63FF
:1068B00002E0054BBB6300BFBB6B18464037BD46CB
:1068C000BDE8B08F003802400024F40040787D011C
:1068D00080B400AF034B1B681846BD465DF8047BCF
:1068E000704700BF7000002080B500AFFFF7F0FFD9
:1068F0000246054B9B689B0A03F007030349CB5CE8
:1069000022FA03F3184680BD003802406C100108DB
:1069100080B500AFFFF7DCFF0246054B9B685B0BC1
:1069200003F007030349CB5C22FA03F3184680BD4A
:10693000003802406C10010880B483B000AF78606A
:106940007B680F221A60454B1B6803F48023B3F564
:10695000802F04D17B684FF4A0225A600EE03F4B99
:106960001B6803F48033B3F5803F04D17B684FF498
:1069700080325A6002E07B6800225A60374B1B6805
:1069800003F00103012B03D17B680122DA6002E0EE
:106990007B680022DA60314B1B68DB0803F01F02C2
:1069A0007B681A612D4B1B6F03F00403042B03D18A
:1069B0007B6805229A600CE0284B1B6F03F00103F3
:1069C000012B03D17B6801229A6002E07B680022E0
:1069D0009A60224B5B6F03F00103012B03D17B68AC
:1069E00001225A6102E07B6800225A611B4B1B683E
:1069F00003F08073B3F1807F03D17B6802229A6138
:106A000002E07B6801229A61144B5B6803F4800208
:106A10007B68DA61114B5B6803F03F027B681A62A6
:106A20000E4B5B689B09C3F308027B685A620B4BF1
:106A30005B6803F4403303F580335B001A0C7B681A
:106A40009A62064B5B681B0E03F00F027B68DA62EA
:106A500000BF0C37BD465DF8047B7047003802402C
:106A600080B483B000AF786039607B680F221A6011
:106A7000124B9B6803F003027B685A600F4B9B68C4
:106A800003F0F0027B689A600C4B9B6803F4E052C1
:106A90007B68DA60094B9B68DB0803F4E0527B6893
:106AA0001A61074B1B6803F007023B681A6000BFBE
:106AB0000C37BD465DF8047B704700BF00380240CC
:106AC000003C024080B500AF064BDB6803F080035A
:106AD000802B04D100F00AF8034B80221A7000BF0B
:106AE00080BD00BF003802400E38024080B400AFC5
:106AF00000BFBD465DF8047B704700BF80B586B01F
:106B000000AF786000237B6100233B617B681B68DA
:106B100003F00103002B05D17B681B6803F004031D
:106B2000002B38D0684B00221A6004F04DFB7861CE
:106B300008E004F049FB02467B69D31A022B01D915
:106B40000323BDE0614B1B6803F00063002BF0D111
:106B50007B685A687B689B689B011A437B68DB688B
:106B60001B075A491343C1F88430574B01221A605E
:106B700004F02AFB786108E004F026FB02467B69FA
:106B8000D31A022B01D903239AE0504B1B6803F060
:106B90000063002BF0D07B681B6803F00203002B1E
:106BA00000F083800023FB60484B1B6C474A43F096
:106BB00080531364454B1B6C03F08053FB60FB68F0
:106BC000434B1B68424A43F48073136004F0FCFAA1
:106BD000786108E004F0F8FA02467B69D31A022BC8
:106BE00001D903236CE03A4B1B6803F48073002B3C
:106BF000F0D0364B1B6F03F440733B613B69002BB5
:106C00002FD07B681B6903F440733A699A4228D0FD
:106C10002E4B1B6F23F440733B612E4B01221A60F5
:106C20002C4B00221A60294A3B691367274B1B6FC4
:106C300003F00103012B14D104F0C6FA78610AE0D5
:106C400004F0C2FA02467B69D31A41F288329342B9
:106C500001D9032334E01D4B1B6F03F00203002B0B
:106C6000EED07B681B6903F44073B3F5407F0DD110
:106C7000164B9B6823F4F8127B681B6923F0704362
:106C800023F44073114913438B6005E00F4B9B685D
:106C90000E4A23F4F81393600C4B1A6F7B681B6940
:106CA000C3F30B03094913430B677B681B6803F0AD
:106CB0000803002B03D07B681A7D074B1A60002362
:106CC00018461837BD4680BD68004742003802406C
:106CD00000700040400E4742E011474280B485B04A
:106CE00000AF78607B6803221A601C4BD3F88430B5
:106CF0009B09C3F308027B689A60184BD3F8843071
:106D00001B0F03F007027B68DA60144BD3F8843062
:106D100003F03F027B685A60104B9B6803F4F81342
:106D2000FB600E4B1B6F03F44072FB681A437B68D9
:106D30001A610A4BD3F88C3003F08073002B03D117
:106D40007B6800221A7502E07B6801221A7500BF79
:106D50001437BD465DF8047B704700BF0038024021
:106D600080B487B000AF786000237B6100233B6173
:106D70000023FB600023BB607B68012B41D1254BC6
:106D80009B6803F40003FB60FB68002B06D0FB68E4
:106D9000B3F5000F31D1204B7B6131E01D4B5B68B7
:106DA00003F48003B3F5800F09D11A4BD3F8843074
:106DB00003F03F03194AB2FBF3F33B6108E0154BC4
:106DC000D3F8843003F03F03154AB2FBF3F33B6181
:106DD000104BD3F884309B09C3F308023B6902FBD4
:106DE00003F3BB600B4BD3F884301B0F03F0070396
:106DF000BA68B2FBF3F37B6102E000237B6100BF62
:106E000000E000BF7B6918461C37BD465DF8047B77
:106E1000704700BF003802400080BB0040787D0111
:106E20000024F40080B483B000AF0346FB71FB790B
:106E3000012B06D1094B1B6F084A43F00803136767
:106E400005E0064B1B6F054A23F00803136700BFDC
:106E50000C37BD465DF8047B704700BF0038024028
:106E600080B584B000AF78601E4B00221A6004F039
:106E7000ABF9F86008E004F0A7F90246FB68D31A02
:106E8000022B01D9032329E0174B1B6803F0006391
:106E9000002BF0D17B681A687B685B689B011A4302
:106EA0007B689B681B0710491343C1F884300D4B66
:106EB00001221A6004F088F9F86008E004F084F90F
:106EC0000246FB68D31A022B01D9032306E0064BC6
:106ED0001B6803F00063002BF0D000231846103726
:106EE000BD4680BD680047420038024080B582B090
:106EF00000AF0D4B00221A6004F066F9786008E0DC
:106F000004F062F902467B68D31A022B01D90323ED
:106F100006E0064B1B6803F00063002BF0D1002352
:106F200018460837BD4680BD680047420038024019
:106F300080B582B000AF04F047F978605D4B1B6804
:106F40005C4A43F00103136008E004F03DF9024697
:106F50007B68D31A022B01D90323A7E0554B1B688A
:106F600003F00203002BF0D0524B1B68514A43F050
:106F70008003136004F028F978604E4B00229A6079
:106F80000AE004F021F902467B68D31A41F2883204
:106F9000934201D9032389E0464B9B6803F00C031D
:106FA000002BEED104F010F97860424B1B68414A87
:106FB00023F45023136008E004F006F902467B68CE
:106FC000D31A642B01D9032370E03A4B1B6803F4F6
:106FD0000033002BF0D104F0F7F87860354B1B68D4
:106FE000344A23F08073136008E004F0EDF80246A1
:106FF0007B68D31A022B01D9032357E02D4B1B6862
:1070000003F00073002BF0D104F0DEF87860294B18
:107010001B68284A23F08063136008E004F0D4F86A
:1070200002467B68D31A022B01D903233EE0214B91
:107030001B6803F00063002BF0D11E4B1E4A5A6000
:107040001C4B1E4AC3F884201A4BDB68194A23F4F0
:10705000F853D360174BDB68164A23F40053D36010
:10706000144BDB68134A43F41F03D360114BDB68F6
:10707000104A43F40013D3600E4B5B6F0D4A23F0AC
:10708000010353670B4B5B6F0A4A43F080735367EE
:107090000B4B0C4A1A600C4B1B68184604F050F856
:1070A0000346002B01D0012300E0002318460837D7
:1070B000BD4680BD00380240103000041030002072
:1070C000700000200024F4009400002080B586B0F9
:1070D00000AFF860B960C7E90023234B1B7E012B8A
:1070E00001D102233BE0204B01221A764CF25030B2
:1070F00000F0B0F90346FB75FB7D002B2BD1FB683C
:10710000002B05D13B781946B86800F05BFA16E011
:10711000FB68012B05D13B881946B86800F02EFAB0
:107120000DE0FB68022B05D13B681946B86800F0FA
:1071300003FA04E0D7E90023B86800F0CBF94CF279
:10714000503000F087F90346FB75084B1B69074A6E
:1071500023F001031361044B00221A76FB7D1846CD
:107160001837BD4680BD00BF74000020003C0240BF
:1071700080B586B000AFF860B960C7E9002300238E
:10718000FB751B4B1B691A4A43F080731361184B44
:107190001B69174A43F000731361164B03221A70E0
:1071A000144ABB685361FB68002B05D13B78194634
:1071B000B86800F007FA16E0FB68012B05D13B88A0
:1071C0001946B86800F0DAF90DE0FB68022B05D12A
:1071D0003B681946B86800F0AFF904E0D7E900232E
:1071E000B86800F077F9FB7D18461837BD4680BDBA
:1071F000003C02407400002080B582B000AF002344
:107200007B60494BDB6803F4F973002B20D0474BBC
:107210001B78DBB2012B07D1444BDB687B60434B0F
:107220004FF0FF32DA600BE0404B1B78DBB2022BF1
:1072300003D13E4B1B697B6002E03C4B5B697B608A
:1072400000F0E2F9786800F07DF8384B00221A70FF
:10725000354BDB6803F00103002B4AD0324B01228F
:10726000DA60324B1B78DBB2012B2DD12F4B5B68E0
:10727000013B2E4A53602D4B5B68002B15D02B4BE6
:10728000DB687B60786800F053F8284BDB680133DB
:10729000264AD360254BDB687B60244B1B7ADBB22C
:1072A0001946786800F0E8FB23E04FF0FF337B607D
:1072B0001E4A7B68D3601D4B00221A7000F05AFDF5
:1072C000786800F035F814E0184B1B78DBB2022B1D
:1072D00007D100F04FFD154B1B69184600F028F848
:1072E00004E0124B5B69184600F022F80F4B0022B5
:1072F0001A700E4B1B78DBB2002B11D10A4B1B69A5
:10730000094A23F0FF031361074B1B69064A23F068
:1073100080731361044B1B69034A23F000731361EC
:1073200000BF0837BD4680BD003C0240740000200D
:1073300080B483B000AF786000BF0C37BD465DF805
:10734000047B704780B483B000AF786000BF0C3717
:10735000BD465DF8047B704780B483B000AF002366
:10736000FB710B4B1B69002B0BDA094B094A5A6066
:10737000074B094A5A60064B1B69002B01DA0123AF
:10738000FB71FB7918460C37BD465DF8047B7047EE
:10739000003C024023016745AB89EFCD80B400AFCC
:1073A000054B1B69044A43F0004313610023184650
:1073B000BD465DF8047B7047003C024080B400AFDE
:1073C000094B5B6903F00103002B07D0064B074A0A
:1073D0009A60054B064A9A60002300E00123184694
:1073E000BD465DF8047B7047003C02403B2A19080B
:1073F0007F6E5D4C80B400AF054B5B69044A43F07F
:107400000103536100231846BD465DF8047B7047B5
:10741000003C024080B500AF074B1B78DBB2064A48
:1074200043F00203DBB213704CF2503000F012F85C
:107430000346184680BD00BF143C024080B400AF34
:10744000034BDB691846BD465DF8047B704700BFFF
:107450007400002080B584B000AF78600023FB602A
:107460001A4B0022DA6103F0AFFEF86010E07B688F
:10747000B3F1FF3F0CD07B68002B07D003F0A4FED4
:107480000246FB68D31A7A689A4201D2032319E0B4
:107490000F4BDB6803F48033002BE8D10C4BDB6827
:1074A00003F00103002B02D0094B0122DA60084BE4
:1074B000DB6803F4F973002B03D000F0A5F8012377
:1074C00000E0002318461037BD4680BD7400002040
:1074D000003C024080B485B000AFF860C7E90023EB
:1074E000144B1B69134A23F440731361114B1B693E
:1074F000104A43F4407313610E4B1B690D4A43F06D
:1075000001031361FB683A681A60BFF36F8F00BF15
:10751000D7E900014FF000024FF000030A000023FA
:10752000F968043113460B6000BF1437BD465DF89F
:10753000047B7047003C024080B483B000AF7860A9
:1075400039600D4B1B690C4A23F4407313610A4BDD
:107550001B69094A43F400731361074B1B69064A10
:1075600043F0010313617B683A681A6000BF0C376F
:10757000BD465DF8047B7047003C024080B483B098
:1075800000AF78600B467B800D4B1B690C4A23F4DF
:10759000407313610A4B1B69094A43F480731361FA
:1075A000074B1B69064A43F0010313617B687A8825
:1075B0001A8000BF0C37BD465DF8047B704700BFE2
:1075C000003C024080B483B000AF78600B46FB7093
:1075D0000C4B1B690B4A23F440731361094B094A96
:1075E0001B691361074B1B69064A43F001031361D2
:1075F0007B68FA781A7000BF0C37BD465DF8047BD3
:10760000704700BF003C024080B400AF2F4BDB68E6
:1076100003F01003002B08D02D4BDB6943F010035F
:107620002B4AD361294B1022DA60284BDB6803F028
:107630002003002B08D0264BDB6943F00803244AC3
:10764000D361224B2022DA60204BDB6803F0400339
:10765000002B08D01E4BDB6943F004031C4AD361A6
:107660001A4B4022DA60194BDB6803F08003002BD1
:1076700008D0174BDB6943F00203154AD361134B63
:107680008022DA60114BDB6803F48073002B09D091
:107690000F4BDB6943F001030D4AD3610B4B4FF4F1
:1076A0008072DA60094BDB6803F00203002B08D01C
:1076B000074BDB6943F02003054AD361034B0222E9
:1076C000DA6000BFBD465DF8047B7047003C0240B5
:1076D0007400002080B584B000AF7860396000236A
:1076E000BB60314B1B7E012B01D1022358E02E4B96
:1076F00001221A764CF25030FFF7ACFE0346FB73C2
:10770000FB7B002B48D13B684FF0FF321A607B684F
:107710001B68012B15D17B681B69DAB27B685B683B
:107720001946104600F084F94CF25030FFF792FEF3
:107730000346FB731D4B1B691C4A23F004031361B2
:1077400028E07B689B68BB601CE07B681B69DBB240
:107750001946B86800F090F94CF25030FFF77AFE05
:107760000346FB73114B1B69104A23F0FA031361A4
:10777000FB7B002B03D03B68BA681A600AE0BB6849
:107780000133BB607B68DA687B689B681344BA6826
:107790009A42DAD300F0EEFA034B00221A76FB7B12
:1077A00018461037BD4680BD74000020003C0240E2
:1077B00080B584B000AF78600023FB73204B1B6959
:1077C0001F4A43F0807313611D4B1B691C4A43F031
:1077D000007313611A4BF322DA607B681B68012B7C
:1077E00010D1184B02221A707B685B68154A13612E
:1077F0007B681B69DAB27B685B681946104600F04B
:1078000017F918E00F4B01221A707B68DB680D4AEC
:1078100053607B689B680B4AD3607B681B69DAB254
:10782000084B1A727B689A687B681B69DBB2194641
:10783000104600F021F9FB7B18461037BD4680BD8D
:10784000003C02407400002080B584B000AF786036
:107850000123FB73324B1B7E012B01D102235BE022
:107860002F4B01221A767B681B6803F00103002B63
:1078700018D07B685B68012B0AD17B689A687B68AB
:10788000DB681946104600F03FF90346FB7309E038
:107890007B689A687B68DB681946104600F056F9E9
:1078A0000346FB737B681B6803F00203002B07D0C1
:1078B0007B681B69DBB2184600F0AAF90346FB732C
:1078C0007B681B6803F00403002B13D07B681B7ECE
:1078D00003F02003D8B27B681B7E03F04003D9B2CB
:1078E0007B681B7E23F07F03DBB21A4600F0AAF907
:1078F0000346FB737B681B6803F00803002B07D06B
:107900007B685B69DBB2184600F0CAF90346FB737B
:10791000034B00221A76FB7B18461037BD4680BD0C
:107920007400002080B582B000AF78607B680F22C1
:107930001A6000F0E3F903461A467B689A6000F08B
:10794000E9F903461A467B681A6100F0C7F9034655
:107950001A467B681A7600F0FDF903461A467B68E2
:107960005A6100BF0837BD4680BD80B584B000AF06
:1079700078600123FB737B681B6803F00103002B15
:1079800012D07B685B68012B07D17B681B89184686
:1079900000F0FCF80346FB7306E07B681B89184681
:1079A00000F014F90346FB73FB7B18461037BD4605
:1079B00080BD80B483B000AF7860054B1B889AB25D
:1079C0007B681A8100BF0C37BD465DF8047B7047A9
:1079D000163C024080B483B000AF094B1B78DBB289
:1079E00003F07F03FB71064AFB7963F07F03DBB290
:1079F0001370002318460C37BD465DF8047B7047B2
:107A0000173C024080B483B000AF084B1B78DBB258
:107A100003F07F03FB71054AFB79137000231846BE
:107A20000C37BD465DF8047B704700BF173C024031
:107A300080B483B000AF03463960FB710D4B1B6906
:107A40000C4A23F4407313610A4B1B69094A43F043
:107A500004031361074B1A69FB791B021343054AA0
:107A600043F48033136100BF0C37BD465DF8047BDF
:107A7000704700BF003C024080B485B000AF786022
:107A80000B46FB700023FB60FB78002B02D1002328
:107A9000FB6010E0FB78012B03D14FF48073FB6097
:107AA00009E0FB78022B03D14FF40073FB6002E086
:107AB0004FF44073FB60134B1B69124A23F440736D
:107AC0001361104B1A690F49FB6813430B610D4B8F
:107AD0001B690C4A23F0F80313610A4B1A697B688F
:107AE000DB001343074A43F002031361054B1B6994
:107AF000044A43F48033136100BF1437BD465DF878
:107B0000047B7047003C024080B584B000AF7860D1
:107B100039600023FB734CF25030FFF79BFC0346A7
:107B2000FB73FB7B002B0AD1074B1B889AB27B6847
:107B30009BB2DB439BB2044913409BB20B80FB7B9F
:107B400018461037BD4680BD163C024080B584B053
:107B500000AF786039600023FB734CF25030FFF7C0
:107B600079FC0346FB73FB7B002B08D1064B1B887B
:107B70009AB27B689BB2044913439BB20B80FB7B98
:107B800018461037BD4680BD163C024080B584B013
:107B900000AF78600023FB734CF25030FFF75AFCC3
:107BA0000346FB73FB7B002B08D1074B1B889AB263
:107BB0007B689BB2044913439BB20B80FB7B184646
:107BC0001037BD4680BD00BF163C024080B584B072
:107BD00000AF78600023FB734CF25030FFF73AFCA3
:107BE0000346FB73FB7B002B0AD1084B1B889AB220
:107BF0007B689BB2DB439BB2044913409BB20B8072
:107C0000FB7B18461037BD4680BD00BF163C0240C6
:107C100080B584B000AF0346FB710023FB734CF2C8
:107C20005030FFF717FC0346FB73FB7B002B02D1A0
:107C3000034AFB791370FB7B18461037BD4680BDA5
:107C4000153C024080B584B000AF0346FB710B4683
:107C5000BB7113467B710023FB734CF25030FFF76E
:107C6000F9FB0346FB73FB7B002B11D10B4B1B78FD
:107C7000DBB203F01F03BB73BA79BB7B1343DAB2E9
:107C80007B791343DAB20549FB791343DBB20B70FE
:107C9000FB7B18461037BD4680BD00BF143C024038
:107CA00080B483B000AF0346FB710B4B1B78DBB293
:107CB000094A23F00C03DBB21370074B1B78DAB2CE
:107CC0000549FB791343DBB20B70002318460C37D0
:107CD000BD465DF8047B7047143C024080B400AFA1
:107CE000054B5B69DBB223F01F03DBB21846BD46D0
:107CF0005DF8047B704700BF003C024080B400AFD9
:107D0000034B1B889BB21846BD465DF8047B704749
:107D1000163C024080B483B000AFAA23FB710C4B29
:107D20001B78DBB2CC2B02D1CC23FB7109E0084BD2
:107D30001B78DBB2AA2B02D1AA23FB7101E05523E9
:107D4000FB71FB7918460C37BD465DF8047B704724
:107D5000153C024080B400AF054B1B78DBB203F04A
:107D60000C03DBB21846BD465DF8047B704700BFCC
:107D7000143C024080B400AF204B1B6803F4007336
:107D8000002B17D01D4B1B681C4A23F40073136093
:107D90001A4B1B68194A43F400631360174B1B68A6
:107DA000164A23F400631360144B1B68134A43F410
:107DB00000731360114B1B6803F48063002B17D012
:107DC0000E4B1B680D4A23F4806313600B4B1B683A
:107DD0000A4A43F480531360084B1B68074A23F494
:107DE00080531360054B1B68044A43F4806313609F
:107DF00000BFBD465DF8047B704700BF003C0240F9
:107E000080B489B000AF7860396000237B610023C3
:107E10003B610023BB610023FB6159E10122FB6947
:107E200002FA03F37B613B681B687A6913403B618C
:107E30003A697B699A4240F048813B685B6803F08D
:107E40000303012B05D03B685B6803F00303022B9F
:107E500030D17B689B68BB61FB695B00032202FA3F
:107E600003F3DB43BA691340BB613B68DA68FB6923
:107E70005B0002FA03F3BA691343BB617B68BA691A
:107E80009A607B685B68BB610122FB6902FA03F3BD
:107E9000DB43BA691340BB613B685B681B0903F0B5
:107EA0000102FB6902FA03F3BA691343BB617B6801
:107EB000BA695A603B685B6803F00303032B17D071
:107EC0007B68DB68BB61FB695B00032202FA03F39A
:107ED000DB43BA691340BB613B689A68FB695B008E
:107EE00002FA03F3BA691343BB617B68BA69DA60CB
:107EF0003B685B6803F00303022B23D1FB69DA08BC
:107F00007B68083253F82230BB61FB6903F007033A
:107F10009B000F2202FA03F3DB43BA691340BB61F3
:107F20003B681A69FB6903F007039B0002FA03F33D
:107F3000BA691343BB61FB69DA087B680832B96927
:107F400043F822107B681B68BB61FB695B0003225E
:107F500002FA03F3DB43BA691340BB613B685B6819
:107F600003F00302FB695B0002FA03F3BA691343EF
:107F7000BB617B68BA691A603B685B6803F4403395
:107F8000002B00F0A2800023FB60574B5B6C564A2D
:107F900043F480435364544B5B6C03F48043FB60B5
:107FA000FB68524AFB699B08023352F82330BB61DD
:107FB000FB6903F003039B000F2202FA03F3DB4388
:107FC000BA691340BB617B68494A934219D07B6808
:107FD000484A934213D07B68474A93420DD07B684E
:107FE000464A934207D07B68454A934201D1042315
:107FF00008E0072306E0032304E0022302E0012354
:1080000000E00023FA6902F0030292009340BA698B
:108010001343BB613549FB699B080233BA6941F8D8
:108020002320384B9B68BB613B69DB43BA69134033
:10803000BB613B685B6803F48013002B03D0BA6913
:108040003B691343BB612F4ABB6993602D4BDB68CF
:10805000BB613B69DB43BA691340BB613B685B684A
:1080600003F40013002B03D0BA693B691343BB61CF
:10807000244ABB69D360234B5B68BB613B69DB432C
:10808000BA691340BB613B685B6803F40033002BA3
:1080900003D0BA693B691343BB611A4ABB69536099
:1080A000184B1B68BB613B69DB43BA691340BB617A
:1080B0003B685B6803F48033002B03D0BA693B69EB
:1080C0001343BB610F4ABB691360FB690133FB615A
:1080D000FB690F2B7FF6A2AE00BF00BF2437BD4661
:1080E0005DF8047B704700BF003802400038014053
:1080F000000002400004024000080240000C024060
:1081000000100240003C014080B487B000AF7860AE
:10811000396000233B610023FB600023BB60002328
:108120007B61BBE001227B6902FA03F33B613A68A1
:108130003B691340FB60FA683B699A4240F0AB80B0
:108140005C4A7B699B08023352F82330BB607B6931
:1081500003F003039B000F2202FA03F3BA681340F3
:10816000BB607B68544A934219D07B68534A934260
:1081700013D07B68524A93420DD07B68514A934298
:1081800007D07B68504A934201D1042308E00723BB
:1081900006E0032304E0022302E0012300E00023C1
:1081A0007A6902F0030292009340BA689A4232D18F
:1081B000464B1A68FB68DB43444913400B60434B52
:1081C0005A68FB68DB43414913404B603F4BDA6818
:1081D000FB68DB433D491340CB603C4B9A68FB682E
:1081E000DB433A4913408B607B6903F003039B0038
:1081F0000F2202FA03F3BB602E4A7B699B0802330D
:1082000052F82310BB68DA432A487B699B080A406E
:10821000023340F823207B681A687B695B000321E6
:1082200001FA03F3DB431A407B681A607B69DA08C2
:108230007B68083253F822107B6903F007039B0028
:108240000F2202FA03F3DB437A69D20819407B68F4
:10825000083243F822107B68DA687B695B000321EF
:1082600001FA03F3DB431A407B68DA607B685A68E3
:1082700001217B6901FA03F3DB431A407B685A60F2
:108280007B689A687B695B00032101FA03F3DB4397
:108290001A407B689A607B6901337B617B690F2B95
:1082A0007FF640AF00BF00BF1C37BD465DF8047BC2
:1082B000704700BF00380140000002400004024047
:1082C00000080240000C024000100240003C014047
:1082D00080B485B000AF78600B467B807B681A69FC
:1082E0007B881340002B02D00123FB7301E00023A5
:1082F000FB73FB7B18461437BD465DF8047B704763
:1083000080B483B000AF78600B467B8013467B70EF
:108310007B78002B03D07A887B689A6103E07B88A6
:108320001A047B689A6100BF0C37BD465DF8047B78
:10833000704780B485B000AF78600B467B807B6867
:108340005B69FB607A88FB6813401A04FB68D943B9
:108350007B880B401A437B689A6100BF1437BD4687
:108360005DF8047B704780B485B000AF78600B4641
:108370007B804FF48033FB607A88FB681343FB609B
:10838000FA687B68DA617A887B68DA61FA687B6808
:10839000DA617B68DB69FB607B68DB6903F480334F
:1083A000002B01D0002300E0012318461437BD46FE
:1083B0005DF8047B704780B582B000AF0346FB8058
:1083C000084B5A69FB881340002B06D0054AFB88EE
:1083D0005361FB88184600F007F800BF0837BD4618
:1083E00080BD00BF003C014080B483B000AF0346B5
:1083F000FB8000BF0C37BD465DF8047B704700BFB3
:1084000080B586B000AFF860B9607A603B60002349
:10841000FB75FB689B68802B06D1FB684FF480726C
:108420005A650123FB7531E0FB6893F83430012B6A
:1084300001D102232BE0FB68012283F83420FB6882
:1084400093F83530DBB2012B1ED1FB68022283F892
:108450003520FB681B681A68FB681B6842F48022A1
:108460001A60FB681B683A681A613B6A7A68B968E7
:10847000F86801F071F9FB681B681A68FB681B68F3
:1084800042F001021A6001E00223FB75FB7D1846F1
:108490001837BD4680BD80B586B000AFF860B960C2
:1084A0007A603B600023FB75FB689B68802B06D1DC
:1084B000FB684FF480725A65012301F010B9FB6824
:1084C000DB6B002B07D0FB685B6C002B03D0FB68D9
:1084D000DB6C002B05D1FB6840225A65012301F0BB
:1084E000FEB8FB6893F83430012B02D1022301F06F
:1084F000F6B8FB68012283F83420FB6893F8353026
:10850000DBB2012B41F0E480FB68022283F83520C6
:10851000FB6800225A65FB681B681A68FB681B68C9
:1085200042F480221A60FB681B683A681A613B6A51
:108530007A68B968F86801F00FF9FB681B681A4699
:108540008C4B9A4260D9FB681B688B4A934257D088
:10855000FB681B68894A934250D0FB681B68884AB5
:10856000934249D0FB681B68864A934242D0FB681D
:108570001B68854A93423AD0FB681B68834A934242
:1085800032D0FB681B68824A93422AD0FB681B6882
:10859000804A934222D0FB681B687F4A93421AD0DC
:1085A000FB681B687D4A934212D0FB681B687C4ABB
:1085B00093420AD0FB681B687A4A934202D14FF477
:1085C00000131EE04FF000631BE04FF4001318E0AF
:1085D0004FF4001315E04FF4001312E04FF4006362
:1085E0000FE04FF400630CE04FF4006309E04FF438
:1085F000006306E0202304E0202302E0202300E0C3
:108600002023694AD3604EE1FB681B681A46674B1A
:108610009A4260D9FB681B68574A934257D0FB685F
:108620001B68564A934250D0FB681B68544A9342D9
:1086300049D0FB681B68534A934242D0FB681B68D1
:10864000514A93423AD0FB681B68504A934232D059
:10865000FB681B684E4A93422AD0FB681B684D4A50
:10866000934222D0FB681B684B4A93421AD0FB68A6
:108670001B684A4A934212D0FB681B68484A9342DF
:108680000AD0FB681B68474A934202D14FF400139B
:108690001EE04FF000631BE04FF4001318E04FF4AE
:1086A000001315E04FF4001312E04FF400630FE0E5
:1086B0004FF400630CE04FF4006309E04FF40063F3
:1086C00006E0202304E0202302E0202300E0202312
:1086D000354A9360E7E0FB681B681A46344B9A42C0
:1086E00040F28180FB681B68234A934277D0FB6885
:1086F0001B68224A934270D0FB681B68204A934251
:1087000069D0FB681B681F4A934262D0FB681B68F4
:108710001D4A93425AD0FB681B681C4A934252D0B0
:10872000FB681B681A4A93424AD0FB681B68194AC7
:10873000934242D0FB681B68174A93423AD0FB68C9
:108740001B68164A934212D0FB681B68144A934276
:108750000AD0FB681B68134A934202D14FF40013FE
:108760003EE04FF000633BE04FF4001338E04FF47D
:10877000001335E05864024010600240106402406B
:108780007060024070640240286002402864024029
:1087900088600240886402404060024040640240B9
:1087A000A0600240A064024000640240B860024041
:1087B000586002404FF4001312E04FF400630FE0E2
:1087C0004FF400630CE04FF4006309E04FF40063E2
:1087D00006E0202304E0202302E0202300E0202301
:1087E0008C4AD3605FE0FB681B688B4A934257D08A
:1087F000FB681B68894A934250D0FB681B68884A13
:10880000934249D0FB681B68864A934242D0FB687A
:108810001B68854A93423AD0FB681B68834A93429F
:1088200032D0FB681B68824A93422AD0FB681B68DF
:10883000804A934222D0FB681B687F4A93421AD039
:10884000FB681B687D4A934212D0FB681B687C4A18
:1088500093420AD0FB681B687A4A934202D14FF4D4
:1088600000131EE04FF000631BE04FF4001318E00C
:108870004FF4001315E04FF4001312E04FF40063BF
:108880000FE04FF400630CE04FF4006309E04FF495
:10889000006306E0202304E0202302E0202300E020
:1088A00020235C4A9360FB681B681A46664B9A4219
:1088B00060D9FB681B68584A934257D0FB681B6815
:1088C000564A934250D0FB681B68554A934249D0A0
:1088D000FB681B68534A934242D0FB681B68524AAC
:1088E00093423AD0FB681B68504A934232D0FB68EF
:1088F0001B684F4A93422AD0FB681B684D4A93423B
:1089000022D0FB681B684C4A93421AD0FB681B6854
:108910004A4A934212D0FB681B68494A93420AD0E4
:10892000FB681B68474A934202D14FF480131EE054
:108930004FF080631BE04FF4801318E04FF4801376
:1089400015E04FF4801312E04FF480630FE04FF412
:1089500080630CE04FF4806309E04FF4806306E02D
:10896000102304E0102302E0102300E01023374A14
:10897000D3604FE1FB681B681A46354B9A4240F2C0
:108980008280FB681B68244A934278D0FB681B688E
:10899000224A934271D0FB681B68214A93426AD0F5
:1089A000FB681B681F4A934263D0FB681B681E4A22
:1089B00093425BD0FB681B681C4A934253D0FB6810
:1089C0001B681B4A93424BD0FB681B68194A9342B1
:1089D00043D0FB681B68184A93423BD0FB681B6876
:1089E000164A934212D0FB681B68154A93420AD07C
:1089F000FB681B68134A934202D14FF480133FE097
:108A00004FF080633CE04FF4801339E04FF4801363
:108A100036E000BF00600240106002401064024077
:108A20007060024070640240286002402864024086
:108A30008860024088640240406002404064024016
:108A4000A0600240A06402405864024000640240FA
:108A5000B86002404FF4801312E04FF480630FE0DF
:108A60004FF480630CE04FF4806309E04FF48063BF
:108A700006E0102304E0102302E0102300E010239E
:108A80008C4A9360C6E0FB681B681A468A4B9A4280
:108A900060D9FB681B68894A934257D0FB681B6802
:108AA000874A934250D0FB681B68864A934249D05C
:108AB000FB681B68844A934242D0FB681B68834A68
:108AC00093423AD0FB681B68814A934232D0FB68DC
:108AD0001B68804A93422AD0FB681B687E4A9342F7
:108AE00022D0FB681B687D4A93421AD0FB681B6842
:108AF0007B4A934212D0FB681B687A4A93420AD0A1
:108B0000FB681B68784A934202D14FF480131EE041
:108B10004FF080631BE04FF4801318E04FF4801394
:108B200015E04FF4801312E04FF480630FE04FF430
:108B300080630CE04FF4806309E04FF4806306E04B
:108B4000102304E0102302E0102300E01023674A02
:108B5000D3605FE0FB681B68584A934257D0FB68BC
:108B60001B68574A934250D0FB681B68554A934292
:108B700049D0FB681B68544A934242D0FB681B688B
:108B8000524A93423AD0FB681B68514A934232D012
:108B9000FB681B684F4A93422AD0FB681B684E4A09
:108BA000934222D0FB681B684C4A93421AD0FB6860
:108BB0001B684B4A934212D0FB681B68494A934298
:108BC0000AD0FB681B68484A934202D14FF48013D5
:108BD0001EE04FF080631BE04FF4801318E04FF469
:108BE000801315E04FF4801312E04FF480630FE020
:108BF0004FF480630CE04FF4806309E04FF480632E
:108C000006E0102304E0102302E0102300E010230C
:108C1000364A9360FB681B681A46354B9A4240F20D
:108C20008280FB681B68254A934278D0FB681B68EA
:108C3000234A934271D0FB681B68224A93426AD050
:108C4000FB681B68204A934263D0FB681B681F4A7D
:108C500093425BD0FB681B681D4A934253D0FB686C
:108C60001B681C4A93424BD0FB681B681A4A93420C
:108C700043D0FB681B68194A93423BD0FB681B68D2
:108C8000174A934212D0FB681B68164A93420AD0D7
:108C9000FB681B68144A934202D14FF400233FE063
:108CA0004FF000733CE04FF4002339E04FF4002311
:108CB00036E000BF0064024058600240106002408D
:108CC00010640240706002407064024028600240FC
:108CD000286402408860024088640240406002408C
:108CE00040640240A0600240A06402400060024074
:108CF000586402404FF4002312E04FF400730FE079
:108D00004FF400730CE04FF4007309E04FF400736C
:108D100006E0082304E0082302E0082300E008231B
:108D20008C4AD3604EE1FB681B681A468A4B9A4214
:108D300060D9FB681B68894A934257D0FB681B685F
:108D4000874A934250D0FB681B68864A934249D0B9
:108D5000FB681B68844A934242D0FB681B68834AC5
:108D600093423AD0FB681B68814A934232D0FB6839
:108D70001B68804A93422AD0FB681B687E4A934254
:108D800022D0FB681B687D4A93421AD0FB681B689F
:108D90007B4A934212D0FB681B687A4A93420AD0FE
:108DA000FB681B68784A934202D14FF400231EE00F
:108DB0004FF000731BE04FF4002318E04FF4002342
:108DC00015E04FF4002312E04FF400730FE04FF46E
:108DD00000730CE04FF4007309E04FF4007306E0F9
:108DE000082304E0082302E0082300E00823594A8E
:108DF0009360E7E0FB681B681A46644B9A4260D9AF
:108E0000FB681B68554A934257D0FB681B68544A5D
:108E1000934250D0FB681B68524A934249D0FB688A
:108E20001B68514A934242D0FB681B684F4A9342E9
:108E30003AD0FB681B684E4A934232D0FB681B68ED
:108E40004C4A93422AD0FB681B684B4A934222D07B
:108E5000FB681B68494A93421AD0FB681B68484A62
:108E6000934212D0FB681B68464A93420AD0FB68C3
:108E70001B68454A934202D14FF400231EE04FF095
:108E800000731BE04FF4002318E04FF4002315E0BB
:108E90004FF4002312E04FF400730FE04FF400731F
:108EA0000CE04FF4007309E04FF4007306E0082370
:108EB00004E0082302E0082300E00823344AD360DA
:108EC00080E0FB681B68254A934278D0FB681B68EA
:108ED000234A934271D0FB681B68224A93426AD0AE
:108EE000FB681B68204A934263D0FB681B681F4ADB
:108EF00093425BD0FB681B681D4A934253D0FB68CA
:108F00001B681C4A93424BD0FB681B681A4A934269
:108F100043D0FB681B68194A93423BD0FB681B682F
:108F2000174A934212D0FB681B68164A93420AD034
:108F3000FB681B68144A934202D14FF400233FE0C0
:108F40004FF000733CE04FF4002339E04FF400236E
:108F500036E000BF00640240B8600240106002408A
:108F60001064024070600240706402402860024059
:108F700028640240886002408864024040600240E9
:108F800040640240A0600240A06402405860024079
:108F9000006002404FF4002312E04FF400730FE032
:108FA0004FF400730CE04FF4007309E04FF40073CA
:108FB00006E0082304E0082302E0082300E0082379
:108FC0008A4A9360FB681B681A46894B9A4260D9AB
:108FD000FB681B68874A934257D0FB681B68864A28
:108FE000934250D0FB681B68844A934249D0FB6887
:108FF0001B68834A934242D0FB681B68814A9342B4
:109000003AD0FB681B68804A934232D0FB681B68E9
:109010007E4A93422AD0FB681B687D4A934222D045
:10902000FB681B687B4A93421AD0FB681B687A4A2C
:10903000934212D0FB681B68784A93420AD0FB68BF
:109040001B68774A934202D14FF480231EE04FF011
:1090500080731BE04FF4802318E04FF4802315E069
:109060004FF4802312E04FF480730FE04FF48073CD
:109070000CE04FF4807309E04FF4807306E00423A2
:1090800004E0042302E0042300E00423654AD360E3
:1090900050E1FB681B681A46634B9A4260D9FB6833
:1090A0001B68544A934257D0FB681B68524A93424C
:1090B00050D0FB681B68514A934249D0FB681B683B
:1090C0004F4A934242D0FB681B684E4A93423AD0C3
:1090D000FB681B684C4A934232D0FB681B684B4AC2
:1090E00093422AD0FB681B68494A934222D0FB680E
:1090F0001B68484A93421AD0FB681B68464A934251
:1091000012D0FB681B68454A93420AD0FB681B6873
:10911000434A934202D14FF480231EE04FF0807304
:109120001BE04FF4802318E04FF4802315E04FF448
:10913000802312E04FF480730FE04FF480730CE053
:109140004FF4807309E04FF4807306E0042304E0D9
:10915000042302E0042300E00423324A9360E9E0A0
:10916000FB681B681A46314B9A4240F28380FB68C9
:109170001B68204A934279D0FB681B681E4A9342C1
:1091800072D0FB681B681D4A93426BD0FB681B685A
:109190001B4A934264D0FB681B681A4A93425CD016
:1091A000FB681B68184A934254D0FB681B68174A37
:1091B00093424CD0FB681B68154A934244D0FB682D
:1091C0001B68144A93423CD0FB681B68124A9342C6
:1091D00034D0FB681B68114A93422CD0FB681B6893
:1091E0000F4A934224D14FF4802340E000600240B4
:1091F00058640240106002401064024070600240F7
:109200007064024028600240286402408860024086
:10921000886402404060024040640240A060024016
:10922000A064024000640240B860024058600240FE
:109230004FF080731BE04FF4802318E04FF480233D
:1092400015E04FF4802312E04FF480730FE04FF4E9
:1092500080730CE04FF4807309E04FF4807306E0F4
:10926000042304E0042302E0042300E004238B4AE7
:10927000D3605FE0FB681B68894A934257D0FB6864
:109280001B68884A934250D0FB681B68864A934209
:1092900049D0FB681B68854A934242D0FB681B6833
:1092A000834A93423AD0FB681B68824A934232D089
:1092B000FB681B68804A93422AD0FB681B687F4A80
:1092C000934222D0FB681B687D4A93421AD0FB6808
:1092D0001B687C4A934212D0FB681B687A4A93420F
:1092E0000AD0FB681B68794A934202D14FF480236D
:1092F0001EE04FF080731BE04FF4802318E04FF422
:10930000802315E04FF4802312E04FF480730FE0C8
:109310004FF480730CE04FF4807309E04FF48073D6
:1093200006E0042304E0042302E0042300E0042315
:109330005A4A9360FB681B681A46654B9A425CD98F
:10934000FB681B68564A934253D0FB681B68554A1A
:1093500093424CD0FB681B68534A934245D0FB684C
:109360001B68524A93423ED0FB681B68504A9342A6
:1093700037D0FB681B684F4A934230D0FB681B68AC
:109380004D4A934229D0FB681B684C4A934222D035
:10939000FB681B684A4A93421AD0FB681B68494A1B
:1093A000934212D0FB681B68474A93420AD0FB687D
:1093B0001B68464A934202D14FF480331AE04FF4BF
:1093C000800317E04FF4803314E04FF4803311E052
:1093D0004FF480330EE040230CE040230AE04023AA
:1093E00008E0402306E0012304E0012302E001231A
:1093F00000E00123374AD36041E1FB681B681A464D
:10940000354B9A427CD9FB681B68254A934273D03E
:10941000FB681B68234A93426CD0FB681B68224A96
:10942000934265D0FB681B68204A93425ED0FB687C
:109430001B681F4A934257D0FB681B681D4A934222
:1094400050D0FB681B681C4A934249D0FB681B68DC
:109450001A4A934242D0FB681B68194A93421AD0B9
:10946000FB681B68174A934212D0FB681B68164AB8
:1094700093420AD0FB681B68144A934202D14FF40E
:1094800080333AE04FF4800337E04FF4803334E028
:109490004FF4803331E04FF480332EE0006002401F
:1094A000106002401064024070600240706402402C
:1094B00028600240286402408860024088640240BC
:1094C0004060024040640240A0600240A06402404C
:1094D0005864024000640240B860024040230CE03F
:1094E00040230AE0402308E0402306E0012304E093
:1094F000012302E0012300E001237B4A9360BEE0E8
:10950000FB681B681A46794B9A425CD9FB681B685A
:10951000774A934253D0FB681B68764A93424CD0FB
:10952000FB681B68744A934245D0FB681B68734A0A
:1095300093423ED0FB681B68714A934237D0FB6868
:109540001B68704A934230D0FB681B686E4A934296
:1095500029D0FB681B686D4A934222D0FB681B68C8
:109560006B4A93421AD0FB681B686A4A934212D036
:10957000FB681B68684A93420AD0FB681B68674A0D
:10958000934202D14FF480331AE04FF4800317E086
:109590004FF4803314E04FF4803311E04FF4803304
:1095A0000EE040230CE040230AE0402308E0402383
:1095B00006E0012304E0012302E0012300E001238F
:1095C000574AD3605BE0FB681B68494A934253D01B
:1095D000FB681B68474A93424CD0FB681B68464AAD
:1095E000934245D0FB681B68444A93423ED0FB68D7
:1095F0001B68434A934237D0FB681B68414A934239
:1096000030D0FB681B68404A934229D0FB681B6836
:109610003E4A934222D0FB681B683D4A93421AD0CF
:10962000FB681B683B4A934212D0FB681B683A4AAE
:1096300093420AD0FB681B68384A934202D14FF428
:1096400080331AE04FF4800317E04FF4803314E0C6
:109650004FF4803311E04FF480330EE040230CE0F0
:1096600040230AE0402308E0402306E0012304E011
:10967000012302E0012300E00123294A9360FB68F3
:109680001B681A68FB681B6842F016021A60FB68C8
:109690001B685A69FB681B6842F080025A61FB68CC
:1096A0001B6C002B03D1FB689B6C002B07D0FB6865
:1096B0001B681A68FB681B6842F008021A60FB68A6
:1096C0001B681A68FB681B6842F001021A6005E01B
:1096D000FB68002283F834200223FB75FB7D1846CB
:1096E0001837BD4680BD00BF00640240586002408C
:1096F00010600240106402407060024070640240DA
:109700002860024028640240886002408864024069
:109710004060024040640240A0600240A0640240F9
:109720000060024080B485B000AFF860B9601346B5
:10973000FB71FB79002B04D1FB681B68BA68DA6007
:1097400003E0FB681B68BA681A61002318461437E7
:10975000BD465DF8047B704780B485B000AFF8600B
:10976000B9607A603B60FB681B683A685A60FB68C6
:109770009B68402B08D1FB681B687A689A60FB687D
:109780001B68BA68DA6007E0FB681B68BA689A6011
:10979000FB681B687A68DA6000BF1437BD465DF865
:1097A000047B704780B586B000AF786000237B6192
:1097B00001F00AFD38617B68002B01D1012399E09B
:1097C0007B68022283F835207B68002283F83420EE
:1097D0007B681B681A687B681B6822F001021A60AC
:1097E0000FE001F0F1FC02463B69D31A052B08D9C2
:1097F0007B6820225A657B68032283F83520032387
:1098000078E07B681B681B6803F00103002BE8D13C
:109810007B681B681B687B617A69384B13407B61EE
:109820007B685A687B689B681A437B68DB681A43CD
:109830007B681B691A437B685B691A437B689B6979
:109840001A437B68DB691A437B681B6A13437A6996
:1098500013437B617B685B6A042B07D17B68DA6A00
:109860007B681B6B13437A6913437B617B681B68BE
:109870007A691A607B681B685B697B617B6923F08E
:1098800007037B617B685B6A7A6913437B617B6852
:109890005B6A042B17D17B689B6A7A6913437B61EF
:1098A0007B68DB6A002B0ED0786800F04FFD034622
:1098B000002B08D07B6840225A657B68012283F820
:1098C0003520012316E07B681B687A695A61786845
:1098D00000F007FD0346FB607B68DB6D3F229A408A
:1098E000FB689A607B6800225A657B68012283F8D6
:1098F0003520002318461837BD4680BD3F8010F044
:1099000080B584B000AF78607B68002B01D1012363
:1099100050E07B6893F83530DBB2022B01D1022393
:1099200048E07B681B681A687B681B6822F00102AC
:109930001A607B681B6800221A607B681B68002223
:109940005A607B681B6800229A607B681B68002253
:10995000DA607B681B6800221A617B681B68212221
:109960005A61786800F0BDFC0346FB607B6800220A
:10997000DA637B6800221A647B6800225A647B6881
:1099800000229A647B680022DA647B6800221A65F0
:109990007B68DB6D3F229A40FB689A607B680022FF
:1099A0005A657B68002283F835207B68002283F8A3
:1099B0003420002318461037BD4680BD80B586B0E0
:1099C00000AFF860B9607A603B600023FB75FB680C
:1099D00093F83430012B01D1022326E0FB680122E9
:1099E00083F83420FB6893F83530DBB2012B15D1B6
:1099F000FB68022283F83520FB6800225A653B6829
:109A00007A68B968F86800F03EFCFB681B681A6861
:109A1000FB681B6842F001021A6005E0FB68002247
:109A200083F834200223FB75FB7D18461837BD46AA
:109A300080BD80B586B000AFF860B9607A603B60E9
:109A40000023FB75FB689B6D3B61FB6893F834302A
:109A5000012B01D1022340E0FB68012283F834206E
:109A6000FB6893F83530DBB2012B2FD1FB68022263
:109A700083F83520FB6800225A653B687A68B9682C
:109A8000F86800F000FCFB68DB6D3F229A403B6900
:109A90009A60FB681B681A68FB681B6842F0160234
:109AA0001A60FB681B6C002B07D0FB681B681A68E8
:109AB000FB681B6842F008021A60FB681B681A68A2
:109AC000FB681B6842F001021A6005E0FB68002297
:109AD00083F834200223FB75FB7D18461837BD46FA
:109AE00080BD80B584B000AF78607B689B6DFB6003
:109AF00001F06AFBB8607B6893F83530DBB2022B6B
:109B000008D07B6880225A657B68002283F8342065
:109B1000012352E07B681B681A687B681B6822F08F
:109B200016021A607B681B685A697B681B6822F002
:109B300080025A617B681B6C002B03D17B689B6C95
:109B4000002B07D07B681B681A687B681B6822F0B3
:109B500008021A607B681B681A687B681B6822F021
:109B600001021A6013E001F02FFB0246BB68D31A12
:109B7000052B0CD97B6820225A657B68032283F869
:109B800035207B68002283F83420032315E07B68AE
:109B90001B681B6803F00103002BE4D17B68DB6DBD
:109BA0003F229A40FB689A607B68012283F8352047
:109BB0007B68002283F83420002318461037BD4606
:109BC00080BD80B483B000AF78607B6893F8353097
:109BD000DBB2022B04D07B6880225A6501230CE0A3
:109BE0007B68052283F835207B681B681A687B68D0
:109BF0001B6822F001021A60002318460C37BD468C
:109C00005DF8047B704780B58AB000AFF8600B4602
:109C10007A60FB720023FB7701F0D6FAB861FB682B
:109C200093F83530DBB2022B08D0FB6880225A65EE
:109C3000FB68002283F834200123BFE0FB681B6827
:109C40001B6803F48073002B05D0FB684FF480720F
:109C50005A650123B2E0FB7A002B06D1FB68DB6D6D
:109C6000202202FA03F37B6205E0FB68DB6D102221
:109C700002FA03F37B62FB689B6D7B617B691B6867
:109C80003B625AE07B68B3F1FF3F17D07B68002B43
:109C900007D001F099FA0246BB69D31A7A689A4252
:109CA0000CD2FB6820225A65FB68012283F835201C
:109CB000FB68002283F8342003237FE07B691B6864
:109CC0003B62FB68DB6D08229A403B6A1340002B25
:109CD0000BD0FB685B6D43F00102FB685A65FB68C3
:109CE000DB6D08229A407B699A60FB68DB6D01227C
:109CF0009A403B6A1340002B0BD0FB685B6D43F02E
:109D00000202FB685A65FB68DB6D01229A407B69A1
:109D10009A60FB68DB6D04229A403B6A1340002B7B
:109D20000BD0FB685B6D43F00402FB685A65FB686F
:109D3000DB6D04229A407B699A603A6A7B6A134021
:109D4000002B05D1FB685B6D03F00103002B99D05C
:109D5000FB685B6D002B18D0FB685B6D03F00103A3
:109D6000002B12D0F868FFF7BCFEFB68DB6D3022D9
:109D70009A407B699A60FB68012283F83520FB6872
:109D8000002283F83420012318E0FB7A002B0ED147
:109D9000FB68DB6D30229A407B699A60FB68012288
:109DA00083F83520FB68002283F8342005E0FB6847
:109DB000DB6D10229A407B699A60FB7F184628373A
:109DC000BD4680BD80B586B000AF78600023BB6023
:109DD0008E4B1B688E4AA2FB03239B0A7B617B6828
:109DE0009B6D3B613B691B68FB607B68DB6D0822F8
:109DF0009A40FB681340002B1AD07B681B681B68D5
:109E000003F00403002B13D07B681B681A687B687F
:109E10001B6822F004021A607B68DB6D08229A40FE
:109E20003B699A607B685B6D43F001027B685A6511
:109E30007B68DB6D01229A40FB681340002B12D037
:109E40007B681B685B6903F08003002B0BD07B6889
:109E5000DB6D01229A403B699A607B685B6D43F041
:109E600002027B685A657B68DB6D04229A40FB68BE
:109E70001340002B12D07B681B681B6803F00203A1
:109E8000002B0BD07B68DB6D04229A403B699A6003
:109E90007B685B6D43F004027B685A657B68DB6D11
:109EA00010229A40FB681340002B43D07B681B684C
:109EB0001B6803F00803002B3CD07B68DB6D10228D
:109EC0009A403B699A607B681B681B6803F4802397
:109ED000002B18D07B681B681B6803F40023002B41
:109EE00008D17B681B6C002B24D07B681B6C7868C6
:109EF00098471FE07B689B6C002B1BD07B689B6C9A
:109F00007868984716E07B681B681B6803F48073C9
:109F1000002B07D17B681B681A687B681B6822F0DE
:109F200008021A607B681B6C002B03D07B681B6CDB
:109F3000786898477B68DB6D20229A40FB68134065
:109F4000002B00F08F807B681B681B6803F01003F8
:109F5000002B00F087807B68DB6D20229A403B69F4
:109F60009A607B6893F83530DBB2052B36D17B687D
:109F70001B681A687B681B6822F016021A607B68EF
:109F80001B685A697B681B6822F080025A617B68F3
:109F90001B6C002B03D17B689B6C002B07D07B686C
:109FA0001B681A687B681B6822F008021A607B68CD
:109FB000DB6D3F229A403B699A607B68012283F8FF
:109FC00035207B68002283F834207B681B6D002BD2
:109FD0007ED07B681B6D7868984779E07B681B684A
:109FE0001B6803F48023002B1DD07B681B681B6853
:109FF00003F40023002B0DD17B685B6C002B31D068
:10A000007B685B6C786898472CE000BF700000208C
:10A01000B5814E1B7B68DB6B002B23D07B68DB6B31
:10A02000786898471EE07B681B681B6803F48073A0
:10A03000002B0FD17B681B681A687B681B6822F0B5
:10A0400010021A607B68012283F835207B680022A9
:10A0500083F834207B68DB6B002B03D07B68DB6BE1
:10A06000786898477B685B6D002B32D07B685B6DAE
:10A0700003F00103002B22D07B68052283F83520F2
:10A080007B681B681A687B681B6822F001021A60F3
:10A09000BB680133BB607A699A4207D37B681B684F
:10A0A0001B6803F00103002BF2D100E000BF7B68C6
:10A0B000012283F835207B68002283F834207B68F6
:10A0C000DB6C002B05D07B68DB6C7868984700E080
:10A0D00000BF1837BD4680BD80B487B000AFF860C0
:10A0E0000B467A60FB720023FB75FB6893F83430F3
:10A0F000012B01D102233DE0FB68012283F83420CB
:10A10000FB6893F83530DBB2012B2CD1FB7A052BA1
:10A1100026D801A252F823F031A1000839A1000885
:10A1200041A1000849A1000851A1000859A1000857
:10A13000FB687A68DA6318E0FB687A681A6414E0EE
:10A14000FB687A685A6410E0FB687A689A640CE0ED
:10A15000FB687A68DA6408E0FB687A681A6504E0EC
:10A160000123FB7501E00123FB75FB68002283F8E6
:10A170003420FB7D18461C37BD465DF8047B7047D4
:10A1800080B485B000AF78600B46FB700023FB7392
:10A190007B6893F83430012B01D1022353E07B68B4
:10A1A000012283F834207B6893F83530DBB2012B31
:10A1B00042D1FB78062B3CD801A252F823F000BF15
:10A1C000DDA10008E5A10008EDA10008F5A1000847
:10A1D000FDA1000805A200080DA200087B6800226E
:10A1E000DA632BE07B6800221A6427E07B68002298
:10A1F0005A6423E07B6800229A641FE07B68002297
:10A20000DA641BE07B6800221A6517E07B68002295
:10A21000DA637B6800221A647B6800225A647B68D8
:10A2200000229A647B680022DA647B6800221A6547
:10A2300004E00123FB7301E00123FB737B68002230
:10A2400083F83420FB7B18461437BD465DF8047B49
:10A25000704780B483B000AF78607B6893F8353086
:10A26000DBB218460C37BD465DF8047B704780B4FE
:10A2700083B000AF78607B685B6D18460C37BD46D5
:10A280005DF8047B704780B485B000AFF860B960BA
:10A290007A603B60FB681B681A68FB681B6822F4E5
:10A2A00080221A60FB681B683A685A60FB689B68EA
:10A2B000402B08D1FB681B687A689A60FB681B68B2
:10A2C000BA68DA6007E0FB681B68BA689A60FB68E6
:10A2D0001B687A68DA6000BF1437BD465DF8047BFE
:10A2E000704780B485B000AF78607B681B68DBB2D4
:10A2F000103B144AA2FB03231B09FB60124AFB68B4
:10A3000013441B781A467B68DA65FB68032B09D96E
:10A310007B681B6823F47F7323F003031A1D7B689B
:10A320009A6507E07B681B6823F47F7323F00303BF
:10A330007A6893657B689B6D18461437BD465DF857
:10A34000047B7047ABAAAAAA7410010880B485B038
:10A3500000AF78600023FB737B689B6ABB607B68FF
:10A360009B69002B1FD1BB68032B56D801A252F862
:10A3700023F000BF85A3000897A3000885A3000869
:10A380001BA400087B68DB6A03F08073002B46D0B7
:10A390000123FB7343E07B68DB6AB3F1C07F40D1EC
:10A3A0000123FB733DE07B689B69B3F5005F21D11E
:10A3B000BB68032B37D801A252F823F0CDA30008C5
:10A3C000D3A30008CDA30008E5A300080123FB7375
:10A3D00030E07B68DB6A03F08073002B25D001231B
:10A3E000FB7322E07B68DB6AB3F1C07F1FD10123DE
:10A3F000FB731CE0BB68022B03D9BB68032B03D0A3
:10A4000018E00123FB7315E07B68DB6A03F08073BF
:10A41000002B0ED00123FB730BE000BF0AE000BF4E
:10A4200008E000BF06E000BF04E000BF02E000BF9C
:10A4300000E000BFFB7B18461437BD465DF8047B87
:10A44000704700BF80B400AF084B1B6A074A43F057
:10A4500080531362054B1B6A044A23F08053136236
:10A4600000BFBD465DF8047B704700BF0038024066
:10A4700080B483B000AF064B01221A60054B1B6805
:10A480007B607B6800BF0C37BD465DF8047B70477E
:10A4900020000E420070004080B483B000AF064B35
:10A4A00000221A60054B1B687B607B6800BF0C377D
:10A4B000BD465DF8047B704720000E4200700040EE
:10A4C00080B483B000AF78602B4B1B6823F0E002B0
:10A4D0007B681B68284913430B60284B5B68274A3D
:10A4E00023F480335360254B1B68244A23F48033C4
:10A4F0001360224B9B68214A23F4803393601F4BE7
:10A50000DB681E4A23F48033D3607B685B6803F406
:10A510008033002B05D0194B1B68184A43F4803355
:10A5200013607B685B6803F40033002B05D0134B8A
:10A530005B68124A43F4803353607B685B6803F0C6
:10A540000103002B05D00D4B9B680C4A43F480336C
:10A5500093607B685B6803F00203002B05D0074B18
:10A56000DB68064A43F48033D36000BF0C37BD4636
:10A570005DF8047B704700BF00700040003C014064
:10A5800080B400AF034B01221A6000BFBD465DF8E6
:10A59000047B704710000E4280B400AF034B0022D2
:10A5A0001A6000BFBD465DF8047B704710000E4284
:10A5B00080B483B000AF7860054B5A6804497B686B
:10A5C00013434B6000BF0C37BD465DF8047B7047FA
:10A5D0000070004080B483B000AF7860064B5A68CA
:10A5E0007B68DB43044913404B6000BF0C37BD461A
:10A5F0005DF8047B704700BF0070004080B483B0FA
:10A6000000AF78600B46FB700B4B1B690A4A23F0C6
:10A6100004031361FB78012B01D130BF05E0FB7807
:10A62000032B01D040BF20BF20BF00BF0C37BD4669
:10A630005DF8047B704700BF00ED00E080B483B09C
:10A6400000AF78600B46FB70124B1B6823F00302CF
:10A6500010497B6813430B600F4B1B690E4A43F094
:10A6600004031361FB78012B01D130BF05E0FB78B7
:10A67000032B01D040BF20BF20BF074B1B69064AF8
:10A6800023F00403136100BF0C37BD465DF8047B63
:10A69000704700BF0070004000ED00E080B400AFE4
:10A6A000084B1B68074A43F002031360064B1B6903
:10A6B000054A43F00403136130BF00BFBD465DF897
:10A6C000047B70470070004000ED00E080B500AFF3
:10A6D000064B5B6903F48033002B05D000F008F8CB
:10A6E000024B4FF480325A6100BF80BD003C0140F4
:10A6F00080B400AF00BFBD465DF8047B704780B4F6
:10A7000000AF054B1B69044A43F00203136100BF0D
:10A71000BD465DF8047B704700ED00E080B400AFFB
:10A72000054B1B69044A23F00203136100BFBD46B9
:10A730005DF8047B704700BF00ED00E080B400AF1F
:10A74000054B1B69044A43F01003136100BFBD466B
:10A750005DF8047B704700BF00ED00E080B400AFFF
:10A76000054B1B69044A23F01003136100BFBD466B
:10A770005DF8047B704700BF00ED00E080B582B05B
:10A7800000AF00237B600E4B01221A6000F01CFD1D
:10A79000786009E000F018FD02467B68D31AB3F533
:10A7A0007A7F01D9032306E0064B5B6803F00803B8
:10A7B000082BEFD1002318460837BD4680BD00BFE7
:10A7C000A4000E420070004080B582B000AF0023AC
:10A7D0007B600E4B00221A6000F0F6FC786009E006
:10A7E00000F0F2FC02467B68D31AB3F57A7F01D9F8
:10A7F000032306E0064B5B6803F00803082BEFD049
:10A80000002318460837BD4680BD00BFA4000E4295
:10A810000070004080B400AF034B01221A6000BFFB
:10A82000BD465DF8047B704724000E4280B400AF43
:10A83000034B00221A6000BFBD465DF8047B7047E1
:10A8400024000E4280B400AF044B1B6803F4404365
:10A850001846BD465DF8047B704700BF007000409D
:10A8600080B586B000AF786000237B6100233B6138
:10A87000354B1B6C344A43F080531364324B1B6CD2
:10A8800003F080533B613B692F4B9B6803F00C0343
:10A89000082B51D02D4B00221A6000F095FC7861F6
:10A8A00008E000F091FC02467B69D31A022B01D923
:10A8B000032344E0244B1B6803F00073002BF0D10A
:10A8C0000023FB60224B1B6823F4404220497B6835
:10A8D00013430B601E4B1B6803F44043FB60FB6893
:10A8E0001A4B01221A6000F06FFC786108E000F05A
:10A8F0006BFC02467B69D31A022B01D903231EE0AD
:10A90000114B1B6803F00073002BF0D000F05CFCCF
:10A91000786109E000F058FC02467B69D31AB3F570
:10A920007A7F01D903230AE0094B5B6803F4804373
:10A93000B3F5804FEED101E0012300E0002318467B
:10A940001837BD4680BD00BF003802406000474256
:10A950000070004080B400AF034B01221A6000BFBA
:10A96000BD465DF8047B70472C000E4280B400AFFA
:10A97000034B00221A6000BFBD465DF8047B7047A0
:10A980002C000E4280B400AF034B01221A6000BFBE
:10A99000BD465DF8047B704728000E4280B400AFCE
:10A9A000034B00221A6000BFBD465DF8047B704770
:10A9B00028000E4280B485B000AF78607B6803F059
:10A9C0000703FB600C4BDB68BB60BA684FF6FF0304
:10A9D0001340BB60FB681A02BB68134343F0BF63BC
:10A9E00043F40033BB60044ABB68D36000BF143734
:10A9F000BD465DF8047B704700ED00E080B400AF19
:10AA0000044BDB681B0A03F007031846BD465DF8DC
:10AA1000047B704700ED00E080B483B000AF0346D4
:10AA2000FB7197F90730002B0BDBFB7903F01F025A
:10AA3000074997F907305B09012000FA02F241F853
:10AA4000232000BF0C37BD465DF8047B704700BF74
:10AA500000E100E080B483B000AF0346FB7197F9DA
:10AA60000730002B12DBFB7903F01F020A4997F92C
:10AA700007305B09012000FA02F2203341F823205D
:10AA8000BFF34F8F00BFBFF36F8F00BF00BF0C3706
:10AA9000BD465DF8047B704700E100E080B483B000
:10AAA00000AF0346FB7197F90730002B0EDB0B4A12
:10AAB00097F907305B09403352F82320FB7903F004
:10AAC0001F0322FA03F303F0010300E000231846FA
:10AAD0000C37BD465DF8047B704700BF00E100E025
:10AAE00080B483B000AF0346FB7197F90730002BA9
:10AAF0000CDBFB7903F01F02074997F907305B096C
:10AB0000012000FA02F2403341F8232000BF0C3745
:10AB1000BD465DF8047B704700E100E080B483B07F
:10AB200000AF0346FB7197F90730002B0CDBFB7974
:10AB300003F01F02074997F907305B09012000FA6B
:10AB400002F2603341F8232000BF0C37BD465DF8A8
:10AB5000047B704700E100E080B483B000AF03469F
:10AB6000FB7197F90730002B0EDB0B4A97F9073082
:10AB70005B09803352F82320FB7903F01F0322FA8C
:10AB800003F303F0010300E0002318460C37BD4631
:10AB90005DF8047B704700BF00E100E080B483B043
:10ABA00000AF03463960FB7197F90730002B0ADBD1
:10ABB0003B68DAB20C4997F907301201D2B20B4464
:10ABC00083F800230AE03B68DAB20849FB7903F016
:10ABD0000F03043B1201D2B20B441A7600BF0C37AC
:10ABE000BD465DF8047B704700E100E000ED00E049
:10ABF00080B483B000AF0346FB7197F90730002B98
:10AC000009DB0D4A97F90730134493F80033DBB2A0
:10AC10001B09DBB209E0094AFB7903F00F03043B8F
:10AC200013441B7EDBB21B09DBB218460C37BD4652
:10AC30005DF8047B704700BF00E100E000ED00E03C
:10AC400080B489B000AFF860B9607A60FB6803F047
:10AC50000703FB61FB69C3F10703042B28BF04232F
:10AC6000BB61FB690433062B02D9FB69033B00E09F
:10AC700000237B614FF0FF32BB6902FA03F3DA4332
:10AC8000BB681A407B699A404FF0FF317B6901FA3B
:10AC900003F3D9437B680B40134318462437BD4662
:10ACA0005DF8047B704780B489B000AFF860B9608C
:10ACB0007A603B60BB6803F00703FB61FB69C3F18B
:10ACC0000703042B28BF0423BB61FB690433062B55
:10ACD00002D9FB69033B00E000237B61FA687B69D2
:10ACE000DA404FF0FF31BB6901FA03F3DB431A404E
:10ACF0007B681A604FF0FF327B6902FA03F3DA4394
:10AD0000FB681A403B681A6000BF2437BD465DF8F7
:10AD1000047B704780B400AFBFF34F8F00BF064B7A
:10AD2000DB6803F4E0620449044B1343CB60BFF3D8
:10AD30004F8F00BF00BFFDE700ED00E00400FA0503
:10AD400080B582B000AF78607B68013BB3F1807F53
:10AD500001D301230FE00A4A7B68013B53600F21B6
:10AD60004FF0FF30FFF71AFF054B00229A60044BAB
:10AD700007221A60002318460837BD4680BD00BF71
:10AD800010E000E080B582B000AF78607868FFF72F
:10AD900011FE00BF0837BD4680BD80B586B000AF4C
:10ADA0000346B9607A60FB7300237B61FFF726FEE0
:10ADB00078617A68B9687869FFF742FF024697F9C7
:10ADC0000F3011461846FFF7E9FE00BF1837BD46A1
:10ADD00080BD80B582B000AF0346FB7197F90730A4
:10ADE0001846FFF719FE00BF0837BD4680BD80B585
:10ADF00082B000AF0346FB7197F907301846FFF7A2
:10AE000029FE00BF0837BD4680BD80B500AFFFF703
:10AE100081FF80B582B000AF78607868FFF790FF5F
:10AE2000034618460837BD4680BD80B400AFBFF367
:10AE30005F8F00BF064B5B6A054A23F48033536281
:10AE4000044B00225A6000BFBD465DF8047B70478A
:10AE500000ED00E090ED00E080B483B000AF7860DA
:10AE60000B4A7B6843F0010353600A4B5B6A094A53
:10AE700043F480335362BFF34F8F00BFBFF36F8F34
:10AE800000BF00BF0C37BD465DF8047B704700BFB4
:10AE900090ED00E000ED00E080B483B000AF78609A
:10AEA000074A7B689360064B1B69054A43F0010320
:10AEB000136100BF0C37BD465DF8047B704700BFCF
:10AEC00090ED00E080B483B000AF7860074A7B6803
:10AED0009360064B1B69054A23F00103136100BF11
:10AEE0000C37BD465DF8047B704700BF90ED00E075
:10AEF00080B483B000AF78607B685A781B4B9A604F
:10AF00001A4B1B69194A23F001031361174A7B6826
:10AF10005B68D3607B681B7B1A077B68DB7A1B0648
:10AF20001A437B689B7ADB041A437B685B7B9B0438
:10AF30001A437B689B7B5B041A437B68DB7B1B04A7
:10AF40001A437B685B7A1B021A437B681B7A5B009F
:10AF500013437A6812781146044A0B43136100BF09
:10AF60000C37BD465DF8047B704700BF90ED00E0F4
:10AF700080B400AF40BF20BF00BFBD465DF8047B7A
:10AF8000704780B500AFFFF739FD0346184680BD16
:10AF900080B584B000AFB9607A603B600346FB7354
:10AFA00097F90F301846FFF723FE3B687A68B968B7
:10AFB000FFF779FE00BF1037BD4680BD80B582B077
:10AFC00000AF0346FB7197F907301846FFF788FD7D
:10AFD00000BF0837BD4680BD80B582B000AF0346D4
:10AFE000FB7197F907301846FFF758FD03461846DE
:10AFF0000837BD4680BD80B582B000AF0346FB7107
:10B0000097F907301846FFF789FD00BF0837BD469E
:10B0100080BD80B582B000AF0346FB7197F9073061
:10B020001846FFF799FD034618460837BD4680BD10
:10B0300080B483B000AF78607B68042B06D1094BE5
:10B040001B68084A43F00403136005E0054B1B68C6
:10B05000044A23F00403136000BF0C37BD465DF8BB
:10B06000047B704710E000E080B500AF00F002F80C
:10B0700000BF80BD80B400AF00BFBD465DF8047B5B
:10B08000704700BF80B500AF0E4B1B680D4A43F4FC
:10B09000007313600B4B1B680A4A43F48063136010
:10B0A000084B1B68074A43F4807313600320FFF7C3
:10B0B00069FE0F2000F044F8F6F796F900231846D1
:10B0C00080BD00BF003C024080B500AF114B124A6A
:10B0D0001A62104B00221A620E4B104A5A620D4B34
:10B0E00000225A620B4B0E4A1A610A4B00221A6167
:10B0F000084B80225A61074B00225A61054B4FF0E2
:10B10000FF329A61034B00229A6100F012F800238B
:10B11000184680BD003802400FC8E2103179170090
:10B120009F10600080B400AF00BFBD465DF8047B97
:10B13000704780B400AF00BFBD465DF8047B704728
:10B1400080B582B000AF7860124B1A68124B1B7842
:10B1500019464FF47A73B3FBF1F3B2FBF3F31846DD
:10B16000FFF757FE0346002B01D001230EE07B685A
:10B170000F2B0AD8002279684FF0FF30FFF70DFE41
:10B18000064A7B681360002300E001231846083755
:10B19000BD4680BD70000020980000209400002073
:10B1A00080B400AF064B1B781A46064B1B6813444D
:10B1B000044A136000BFBD465DF8047B704700BFC2
:10B1C00098000020E01F002080B400AF034B1B68F4
:10B1D0001846BD465DF8047B704700BFE01F0020A5
:10B1E00080B400AF034B1B681846BD465DF8047B76
:10B1F000704700BF9400002080B584B000AF0346C4
:10B20000FB710023FB730E4B1B78FA799A4212D024
:10B210000B4B1B78BB730A4AFB791370094B1B68F5
:10B220001846FFF78DFF0346FB73FB7B002B02D014
:10B23000034ABB7B1370FB7B18461037BD4680BDAD
:10B24000980000209400002080B400AF034B1B78CE
:10B250001846BD465DF8047B704700BF980000208B
:10B2600080B584B000AF7860FFF7AEFFB8607B6850
:10B27000FB60FB68B3F1FF3F05D00A4B1B781A4611
:10B28000FB681344FB6000BFFFF79EFF0246BB68EC
:10B29000D31AFA689A42F7D800BF00BF1037BD46EC
:10B2A00080BD00BF9800002080B400AF054B1B6834
:10B2B000044A23F00203136000BFBD465DF8047B1F
:10B2C000704700BF10E000E080B400AF054B1B6882
:10B2D000044A43F00203136000BFBD465DF8047BDF
:10B2E000704700BF10E000E080B400AF024B18468A
:10B2F000BD465DF8047B70470005080180B400AFCF
:10B30000034B1B681B0C1846BD465DF8047B704759
:10B31000002004E080B400AF044B1B68C3F30B03B0
:10B320001846BD465DF8047B704700BF002004E06E
:10B3300080B400AF054B5B68044A43F001035360DF
:10B3400000BFBD465DF8047B704700BF002004E0ED
:10B3500080B400AF054B5B68044A23F001035360DF
:10B3600000BFBD465DF8047B704700BF002004E0CD
:10B3700080B400AF054B5B68044A43F0020353609E
:10B3800000BFBD465DF8047B704700BF002004E0AD
:10B3900080B400AF054B5B68044A23F0020353609E
:10B3A00000BFBD465DF8047B704700BF002004E08D
:10B3B00080B400AF054B5B68044A43F0040353605C
:10B3C00000BFBD465DF8047B704700BF002004E06D
:10B3D00080B400AF054B5B68044A23F0040353605C
:10B3E00000BFBD465DF8047B704700BF002004E04D
:10B3F00080B400AF034B01221A6000BFBD465DF868
:10B40000047B70470004274280B400AF034B002246
:10B410001A6000BFBD465DF8047B704700042742F8
:10B4200080B400AF034B1B681846BD465DF8047B33
:10B43000704700BF107AFF1F80B400AF034B1B683A
:10B440001846BD465DF8047B704700BF147AFF1FA5
:10B4500080B400AF034B1B681846BD465DF8047B03
:10B46000704700BF187AFF1F80B487B000AF7860C4
:10B4700039607B68002B02D03B68002B01D101238F
:10B480008FE03B681A687B681A603B681B6803F0B2
:10B490001F037B6101227B6902FA03F33B613B6876
:10B4A0001B6803F00073002B52D03B689B6803F0CD
:10B4B0000103002B06D03E4B9A683D493B6913437C
:10B4C0008B6006E03A4B9A683B69DB43384913408E
:10B4D0008B603B689B6803F00203002B06D0344B63
:10B4E000DA6833493B691343CB6006E0304BDA68D6
:10B4F0003B69DB432E491340CB603B681B6803F07C
:10B50000C063B3F1C06F23D12A4A7B699B08023321
:10B5100052F82330FB607B6903F003039B000F228A
:10B5200002FA03F3DB43FA681340FB603B68DA6816
:10B530007B6903F003039B0002FA03F3FA681343E9
:10B54000FB601C497B699B080233FA6841F82320A1
:10B550003B685B6803F00103002B06D0144B1A68AC
:10B5600013493B6913430B6006E0114B1A683B69B2
:10B57000DB430F4913400B603B685B6803F0020339
:10B58000002B06D00A4B5A6809493B6913434B60AC
:10B5900006E0074B5A683B69DB43054913404B60A3
:10B5A000002318461C37BD465DF8047B704700BF7A
:10B5B000003C01400038014080B487B000AF7860A3
:10B5C00039607B68002B02D03B68002B01D101233E
:10B5D00061E07B681A683B681A603B681B6803F08F
:10B5E0001F037B6101227B6902FA03F33B612D4B50
:10B5F0001A683B691340002B03D03B6801225A6054
:10B6000002E03B6800225A60264B5A683B691340AF
:10B61000002B05D03B685B6843F002023B685A6030
:10B620003B6800229A603B680022DA603B681B6836
:10B6300003F00073002B2DD01A4B9A683B6913401E
:10B64000002B02D03B6801229A60164BDA683B69F6
:10B650001340002B05D03B689B6843F002023B6817
:10B660009A603B681B6803F0C063B3F1C06F11D1EF
:10B670000D4A7B699B08023352F82330FB607B69DB
:10B6800003F003039B00FA6822FA03F303F00F02AE
:10B690003B68DA60002318461C37BD465DF8047B22
:10B6A000704700BF003C01400038014080B487B0C3
:10B6B00000AF78607B68002B01D101234CE07B68F0
:10B6C0001B6803F01F037B6101227B6902FA03F30D
:10B6D0003B61244B1A683B69DB43224913400B60F2
:10B6E000204B5A683B69DB431E4913404B607B6823
:10B6F0001B6803F00073002B2DD01A4B9A683B692E
:10B70000DB43184913408B60164BDA683B69DB4317
:10B7100014491340CB607B681B6803F0C063B3F12E
:10B72000C06F18D1104A7B699B08023352F823304E
:10B73000FB607B6903F003039B000F2202FA03F313
:10B74000DB43FA681340FB6007497B699B080233BF
:10B75000FA6841F82320002318461C37BD465DF8DF
:10B76000047B7047003C01400038014080B487B042
:10B7700000AFF8600B467A60FB720023FB75FB7A22
:10B78000002B03D1FB687A685A6002E00123FB7545
:10B7900000BFFB7D18461C37BD465DF8047B704733
:10B7A00080B483B000AF786039607B68002B01D132
:10B7B000012303E07B683A681A60002318460C37BF
:10B7C000BD465DF8047B704780B584B000AF7860FB
:10B7D0007B681B6803F01F03012202FA03F3FB607E
:10B7E0000A4B5B69FA681340BB60BB68002B09D049
:10B7F000064AFB6853617B685B68002B02D07B685C
:10B800005B68984700BF1037BD4680BD003C0140D3
:10B8100080B487B000AF786039607B681B6803F044
:10B820001F037B6101227B6902FA03F33B61074B33
:10B830005A693B691A407B6922FA03F3FB60FB6893
:10B8400018461C37BD465DF8047B7047003C01403C
:10B8500080B485B000AF786039607B681B6803F006
:10B860001F03012202FA03F3FB60044AFB685361E1
:10B8700000BF1437BD465DF8047B7047003C0140B3
:10B8800080B485B000AF78607B681B6803F01F034D
:10B89000012202FA03F3FB60044AFB68136100BF54
:10B8A0001437BD465DF8047B704700BF003C014083
:10B8B00080B584B000AF78600023FB737B68002BF9
:10B8C00001D1012333E07B681B6C002B09D1786820
:10B8D000F5F7B2FD7B6800225A647B68002283F88A
:10B8E0003C207B681B6C03F01003002B18D17B6895
:10B8F0001B6C23F4885323F0020343F002027B689D
:10B900001A64786800F064FF7B6800225A647B68E0
:10B910001B6C23F0030343F001027B681A6401E00F
:10B920000123FB737B68002283F83C20FB7B1846D5
:10B930001037BD4680BD80B584B000AF786000236D
:10B94000FB737B68002B01D1012322E07B681B6C19
:10B9500043F002027B681A647B681B689A687B6804
:10B960001B6822F001029A607B681B689B6803F0E9
:10B970000103002B08D17868F5F7D6FD7B6800221B
:10B980005A647B6800221A647B68002283F83C209A
:10B99000FB7B18461037BD4680BD80B483B000AF36
:10B9A000786000BF0C37BD465DF8047B704780B4FB
:10B9B00083B000AF786000BF0C37BD465DF8047BF4
:10B9C000704780B485B000AF78600023BB607B68AF
:10B9D00093F83C30012B01D1022397E07B680122D0
:10B9E00083F83C207B681B689B6803F00103012BF4
:10B9F00018D07B681B689A687B681B6842F001025C
:10BA00009A60454B1B68454AA2FB03239A0C1346D8
:10BA10005B001344BB6002E0BB68013BBB60BB68DA
:10BA2000002BF9D17B681B689B6803F00103012B95
:10BA30005FD17B681B6C23F4E06323F0010343F4C4
:10BA400080727B681A647B681B685B6803F48063A0
:10BA5000002B07D07B681B6C23F4405343F48052C7
:10BA60007B681A647B681B6C03F48053B3F5805FBA
:10BA700006D17B685B6C23F006027B685A6402E0A7
:10BA80007B6800225A647B68002283F83C20244BA8
:10BA9000FB607B681B686FF022021A60FB685B68C2
:10BAA00003F01F03002B0FD17B681B689B6803F01A
:10BAB0004053002B29D17B681B689A687B681B6800
:10BAC00042F080429A6020E07B681B68154A9342EE
:10BAD0001BD17B681B689B6803F04053002B14D17B
:10BAE0007B681B689A687B681B6842F080429A609A
:10BAF0000BE07B681B6C43F010027B681A647B6868
:10BB00005B6C43F001027B685A64002318461437CB
:10BB1000BD465DF8047B70477000002083DE1B4348
:10BB2000002301400020014080B483B000AF786062
:10BB30007B6893F83C30012B01D1022321E07B6824
:10BB4000012283F83C207B681B689A687B681B682D
:10BB500022F001029A607B681B689B6803F0010376
:10BB6000002B09D17B681B6C23F4885323F001035D
:10BB700043F001027B681A647B68002283F83C2052
:10BB8000002318460C37BD465DF8047B704780B52E
:10BB900084B000AF786039600023FB607B681B686D
:10BBA0009B6803F48063B3F5806F13D17B681B68D7
:10BBB0009B6803F48073B3F5807F0BD17B681B6CAB
:10BBC00043F020027B681A647B68002283F83C20E3
:10BBD000012363E0FFF7F8FAF86021E03B68B3F176
:10BBE000FF3F1DD03B68002B07D0FFF7EDFA024660
:10BBF000FB68D31A3A689A4212D27B681B681B68AA
:10BC000003F00203022B0BD07B681B6C43F0040291
:10BC10007B681A647B68002283F83C2003233DE0A4
:10BC20007B681B681B6803F00203022BD6D17B687C
:10BC30001B686FF012021A607B681B6C43F4007281
:10BC40007B681A647B681B689B6803F04053002B79
:10BC500023D17B681B7E002B1FD17B681B68DB6AAE
:10BC600003F47003002B06D07B681B689B6803F409
:10BC70008063002B11D17B681B6C23F480727B687E
:10BC80001A647B681B6C03F48053002B05D17B681E
:10BC90001B6C43F001027B681A64002318461037BE
:10BCA000BD4680BD80B586B000AFF860B9607A60EF
:10BCB00000237B61FFF788FA786122E07B68B3F1AB
:10BCC000FF3F1ED07B68002B07D0FFF77DFA0246AE
:10BCD0007B69D31A7A689A4213D2FB681B681A6888
:10BCE000BB681340BA689A420BD0FB681B6C43F0E8
:10BCF0000402FB681A64FB68002283F83C200323DB
:10BD000028E0FB681B681A68BB681340BA689A424F
:10BD1000D4D1BB68012B0BD1FB681B6C43F4803280
:10BD2000FB681A64FB681B686FF001021A6010E080
:10BD3000FB681B6C43F48062FB681A64FB685B6CF5
:10BD400043F00202FB685A64FB681B686FF0200234
:10BD50001A60002318461837BD4680BD80B485B0F0
:10BD600000AF78600023BB607B6893F83C30012B08
:10BD700001D10223A1E07B68012283F83C207B688B
:10BD80001B689B6803F00103012B18D07B681B68BC
:10BD90009A687B681B6842F001029A604A4B1B68F4
:10BDA0004A4AA2FB03239A0C13465B001344BB6070
:10BDB00002E0BB68013BBB60BB68002BF9D17B682C
:10BDC0001B689B6803F00103012B69D17B681B6C26
:10BDD00023F4E06323F0010343F480727B681A6468
:10BDE0007B681B685B6803F48063002B07D07B686B
:10BDF0001B6C23F4405343F480527B681A647B68C5
:10BE00001B6C03F48053B3F5805F06D17B685B6CD9
:10BE100023F006027B685A6402E07B6800225A64C1
:10BE20007B68002283F83C20294BFB607B681B6801
:10BE30006FF022021A607B681B685B687A68126880
:10BE400043F0806343F020035360FB685B6803F0BA
:10BE50001F03002B0FD17B681B689B6803F04053C6
:10BE6000002B29D17B681B689A687B681B6842F0AD
:10BE700080429A6020E07B681B68164A93421BD17F
:10BE80007B681B689B6803F04053002B14D17B68D0
:10BE90001B689A687B681B6842F080429A600BE0DE
:10BEA0007B681B6C43F010027B681A647B685B6CD8
:10BEB00043F001027B685A64002318461437BD46DC
:10BEC0005DF8047B704700BF7000002083DE1B43D9
:10BED000002301400020014080B483B000AF7860AF
:10BEE0007B6893F83C30012B01D102232BE07B6867
:10BEF000012283F83C207B681B689A687B681B687A
:10BF000022F001029A607B681B689B6803F00103C2
:10BF1000002B13D17B681B685B687A68126823F07A
:10BF2000806323F0200353607B681B6C23F48853E9
:10BF300023F0010343F001027B681A647B6800224E
:10BF400083F83C20002318460C37BD465DF8047B7F
:10BF5000704780B586B000AF786000237B61002316
:10BF60003B617B681B681B68FB607B681B685B68C8
:10BF7000BB60FB6803F002037B61BB6803F0200336
:10BF80003B617B69002B49D03B69002B46D07B6825
:10BF90001B6C03F01003002B05D17B681B6C43F472
:10BFA00000727B681A647B681B689B6803F04053CF
:10BFB000002B2BD17B681B7E002B27D17B681B6855
:10BFC000DB6A03F47003002B06D07B681B689B6858
:10BFD00003F48063002B19D17B681B685A687B6867
:10BFE0001B6822F020025A607B681B6C23F480726D
:10BFF0007B681A647B681B6C03F48053002B05D1AB
:10C000007B681B6C43F001027B681A64786800F05F
:10C010000CFA7B681B686FF012021A60FB6803F071
:10C0200004037B61BB6803F080033B617B69002BE9
:10C0300057D03B69002B54D07B681B6C03F0100376
:10C04000002B05D17B681B6C43F400527B681A649B
:10C050007B681B689B6803F44013002B39D17B6815
:10C060001B689B6B03F44013002B06D07B681B6896
:10C070009B6803F48063002B2BD17B681B685B6893
:10C0800003F48063002B24D17B681B689B6803F05A
:10C090004053002B1DD17B681B7E002B19D17B6880
:10C0A0001B685A687B681B6822F080025A607B68B4
:10C0B0001B6C23F480527B681A647B681B6C03F44E
:10C0C0008073002B05D17B681B6C43F001027B68F9
:10C0D0001A64786801F012F97B681B686FF00C0233
:10C0E0001A60FB6803F001037B61BB6803F0400347
:10C0F0003B617B69002B17D03B69002B14D07B6818
:10C100001B681B6803F00103012B0DD17B681B6CBE
:10C1100043F480327B681A64786800F09AF97B688F
:10C120001B686FF001021A60FB6803F020037B615B
:10C13000BB6803F080633B617B69002B15D03B69D2
:10C14000002B12D07B685B6C43F002027B685A6460
:10C150007B681B686FF020021A60786800F083F932
:10C160007B681B686FF020021A6000BF1837BD465D
:10C1700080BD80B588B000AFF860B9607A600023F8
:10C180007B610023FB77FB6893F83C30012B01D1E6
:10C190000223D0E0FB68012283F83C20FB681B6887
:10C1A0009B6803F00103012B18D0FB681B689A6899
:10C1B000FB681B6842F001029A60614B1B68614A90
:10C1C000A2FB03239A0C13465B0013447B6102E03D
:10C1D0007B69013B7B617B69002BF9D1FB681B68A4
:10C1E0009B6803F48073B3F5807F07D1FB681B68FD
:10C1F0009A68FB681B6822F480729A60FB681B686F
:10C200009B6803F00103012B40F08880FB681B6CE6
:10C2100023F4E06323F0010343F48072FB681A64A3
:10C22000FB681B685B6803F48063002B07D0FB6826
:10C230001B6C23F4405343F48052FB681A64FB6880
:10C240001B6C03F48053B3F5805F06D1FB685B6C15
:10C2500023F00602FB685A6402E0FB6800225A647D
:10C26000FB68002283F83C20374BBB61FB689B6B6B
:10C27000364ADA63FB689B6B354A1A64FB689B6B32
:10C28000344ADA64FB681B686FF022021A60FB68AC
:10C290001B685A68FB681B6842F080625A60FB6842
:10C2A0001B689A68FB681B6842F480729A60FB689E
:10C2B000986BFB681B684C331946BA687B68FDF7BE
:10C2C000B8FB0346FB77BB695B6803F01F03002BD9
:10C2D0000FD1FB681B689B6803F04053002B29D1EA
:10C2E000FB681B689A68FB681B6842F080429A6092
:10C2F00020E0FB681B68184A93421BD1FB681B684F
:10C300009B6803F04053002B14D1FB681B689A68AC
:10C31000FB681B6842F080429A600BE0FB681B6C74
:10C3200043F01002FB681A64FB685B6C43F0010287
:10C33000FB685A64FB7F18462037BD4680BD00BFAE
:10C340007000002083DE1B4300230140C9C90008A0
:10C3500083CA00089FCA00080020014080B584B04D
:10C3600000AF78600023FB737B6893F83C30012BAF
:10C3700001D1022348E07B68012283F83C207B68DE
:10C380001B689A687B681B6822F001029A607B68D0
:10C390001B689B6803F00103002B30D17B681B688E
:10C3A0009A687B681B6822F480729A607B689B6B3A
:10C3B00093F83530DBB2022B0FD17B689B6B1846AC
:10C3C000FDF78FFB0346FB73FB7B002B05D07B68DF
:10C3D0001B6C43F040027B681A647B681B685A68D8
:10C3E0007B681B6822F080625A607B681B6C23F4B8
:10C3F000885323F0010343F001027B681A647B68D1
:10C40000002283F83C20FB7B18461037BD4680BDD8
:10C4100080B483B000AF78607B681B68DB6C184623
:10C420000C37BD465DF8047B704780B483B000AF25
:10C43000786000BF0C37BD465DF8047B704780B460
:10C4400083B000AF786000BF0C37BD465DF8047B59
:10C45000704780B483B000AF786000BF0C37BD4632
:10C460005DF8047B704780B483B000AF786000BF94
:10C470000C37BD465DF8047B704780B485B000AFD3
:10C48000786039600023BB607B6893F83C30012BF7
:10C4900001D1022313E17B68012283F83C203B6831
:10C4A0001B68092B25D97B681B68D9683B681B680A
:10C4B0009BB21A4613465B0013441E3B072202FA46
:10C4C00003F3DA437B681B680A40DA607B681B6809
:10C4D000D9683B689A683B681B689BB2184603465C
:10C4E0005B0003441E3B9A407B681B680A43DA608A
:10C4F00022E07B681B6819693B681B689BB21A467F
:10C5000013465B001344072202FA03F3DA437B6805
:10C510001B680A401A617B681B6819693B689A6846
:10C520003B681B689BB2184603465B0003449A4075
:10C530007B681B680A431A613B685B68062B24D83A
:10C540007B681B68596B3B685A6813469B00134411
:10C55000053B1F2202FA03F3DA437B681B680A409B
:10C560005A637B681B68596B3B681B689BB2184613
:10C570003B685A6813469B001344053B00FA03F2DC
:10C580007B681B680A435A634CE03B685B680C2B72
:10C5900024D87B681B68196B3B685A6813469B005C
:10C5A0001344233B1F2202FA03F3DA437B681B6820
:10C5B0000A401A637B681B68196B3B681B689BB257
:10C5C00018463B685A6813469B001344233B00FA05
:10C5D00003F27B681B680A431A6323E07B681B68CD
:10C5E000D96A3B685A6813469B001344413B1F229B
:10C5F00002FA03F3DA437B681B680A40DA627B685D
:10C600001B68D96A3B681B689BB218463B685A682E
:10C6100013469B001344413B00FA03F27B681B68FE
:10C620000A43DA62294BFB607B681B68284A934205
:10C630000FD13B681B68122B0BD1FB685B6823F49E
:10C640000002FB685A60FB685B6843F48002FB6889
:10C650005A607B681B681E4A93422BD13B681B685B
:10C660001C4A934203D03B681B68112B22D1FB6804
:10C670005B6823F48002FB685A60FB685B6843F4E4
:10C680000002FB685A603B681B68124A934211D152
:10C69000114B1B68114AA2FB03239A0C13469B0003
:10C6A00013445B00BB6002E0BB68013BBB60BB683E
:10C6B000002BF9D17B68002283F83C200023184628
:10C6C0001437BD465DF8047B704700BF002301406E
:10C6D00000200140120000107000002083DE1B4388
:10C6E00080B483B000AF786039607B6893F83C30E9
:10C6F000012B01D102234DE07B68012283F83C200D
:10C700003B681B7C012B08D17B681B685A687B68DF
:10C710001B6842F040025A6007E07B681B685A6859
:10C720007B681B6822F040025A607B681B685B686C
:10C730007A68126823F4400323F4007353607B6823
:10C740001B6859683B681A687B681B680A435A6013
:10C750007B681B683A6852685A627B681B683A6853
:10C7600092689A627B681B685A687B681B6822F033
:10C770001F025A607B681B685A683B68DB689BB283
:10C7800019467B681B680A435A607B68002283F85D
:10C790003C20002318460C37BD465DF8047B7047EB
:10C7A00080B483B000AF78607B681B6C18460C3790
:10C7B000BD465DF8047B704780B483B000AF7860FD
:10C7C0007B685B6C18460C37BD465DF8047B704790
:10C7D00080B485B000AF7860794BFB60FB685B6824
:10C7E00023F44032FB685A60FB685A687B685B68D8
:10C7F0001A43FB685A607B681B685A687B681B6831
:10C8000022F480725A607B681B6859687B681B69D8
:10C810001A027B681B680A435A607B681B685A6867
:10C820007B681B6822F040725A607B681B685968FD
:10C830007B689A687B681B680A435A607B681B6840
:10C840009A687B681B6822F400629A607B681B68A8
:10C8500099687B68DA687B681B680A439A607B6822
:10C860009B6A584A934222D07B681B689A687B680F
:10C870001B6822F070629A607B681B6899687B680D
:10C880009A6A7B681B680A439A607B681B689A688F
:10C890007B681B6822F040529A607B681B6899682D
:10C8A0007B68DA6A7B681B680A439A600FE07B68E2
:10C8B0001B689A687B681B6822F070629A607B68CC
:10C8C0001B689A687B681B6822F040529A607B68FC
:10C8D0001B689A687B681B6822F002029A607B687A
:10C8E0001B6899687B681B7E5A007B681B680A433B
:10C8F0009A607B6893F82030002B1BD07B681B6804
:10C900005A687B681B6842F400625A607B681B6847
:10C910005A687B681B6822F460425A607B681B6817
:10C9200059687B685B6A013B5A037B681B680A4352
:10C930005A6007E07B681B685A687B681B6822F4B2
:10C9400000625A607B681B68DA6A7B681B6822F4A5
:10C950007002DA627B681B68D96A7B68DB69013B1D
:10C960001A057B681B680A43DA627B681B689A6851
:10C970007B681B6822F400729A607B681B68996868
:10C980007B6893F830305A027B681B680A439A60D0
:10C990007B681B689A687B681B6822F480629A60D7
:10C9A0007B681B6899687B685B699A027B681B6877
:10C9B0000A439A6000BF1437BD465DF8047B704798
:10C9C000002301400100000F80B584B000AF786003
:10C9D0007B689B6BFB60FB681B6C03F05003002BB8
:10C9E0003CD1FB681B6C43F40072FB681A64FB6863
:10C9F0001B689B6803F04053002B2BD1FB681B7E08
:10CA0000002B27D1FB681B68DB6A03F47003002B43
:10CA100006D0FB681B689B6803F48063002B19D168
:10CA2000FB681B685A68FB681B6822F020025A608A
:10CA3000FB681B6C23F48072FB681A64FB681B6C38
:10CA400003F48053002B05D1FB681B6C43F00102FB
:10CA5000FB681A64F868FFF7E8FC0EE0FB681B6CE3
:10CA600003F01003002B03D0F868FFF7FCFC04E090
:10CA7000FB689B6BDB6C7868984700BF1037BD463E
:10CA800080BD80B584B000AF78607B689B6BFB6035
:10CA9000F868FFF7D4FC00BF1037BD4680BD80B5F5
:10CAA00084B000AF78607B689B6BFB60FB684022C2
:10CAB0001A64FB685B6C43F00402FB685A64F86814
:10CAC000FFF7D1FC00BF1037BD4680BD80B487B0F2
:10CAD00000AF78600023BB6000237B6100233B61D3
:10CAE0007B6893F83C30012B01D10223AAE07B68DC
:10CAF000012283F83C207B681B689B6803F00103DC
:10CB0000012B18D07B681B689A687B681B6842F011
:10CB100001029A604E4B1B684E4AA2FB03239A0CFB
:10CB200013465B001344BB6002E0BB68013BBB6083
:10CB3000BB68002BF9D17B681B689B6803F001037D
:10CB4000012B72D17B681B6C23F4405323F001034B
:10CB500043F480527B681A647B681B6C03F4807317
:10CB6000002B02D17B6800225A647B68002283F884
:10CB70003C207B681B686FF004021A60364BFB6038
:10CB8000FB685B6803F01F03002B24D17B681B68E4
:10CB90009B6803F44013002B0CBF01230023DBB27E
:10CBA0007B617B681B685B6803F48063002B0CBFB0
:10CBB00001230023DBB23B617B69002B41D03B6941
:10CBC000002B3ED07B681B689A687B681B6842F428
:10CBD00080029A6035E07B681B689B6803F4401311
:10CBE000002B0CBF01230023DBB27B617B681B6839
:10CBF0005B6803F48063002B0CBF01230023DBB2CE
:10CC00003B617B681B68154A93421AD17B69002BF4
:10CC100017D03B69002B14D07B681B689A687B682F
:10CC20001B6842F480029A600BE07B681B6C43F047
:10CC300010027B681A647B685B6C43F001027B68BE
:10CC40005A64002318461C37BD465DF8047B7047C4
:10CC50007000002083DE1B430023014000200140C0
:10CC600080B487B000AF78600023BB6000237B6195
:10CC700000233B617B6893F83C30012B01D10223F8
:10CC8000B2E07B68012283F83C207B681B689B68CC
:10CC900003F00103012B18D07B681B689A687B683E
:10CCA0001B6842F001029A60524B1B68524AA2FB79
:10CCB00003239A0C13465B001344BB6002E0BB687D
:10CCC000013BBB60BB68002BF9D17B681B689B688C
:10CCD00003F00103012B7AD17B681B6C23F44053D2
:10CCE00023F0010343F480527B681A647B681B6C59
:10CCF00003F48073002B02D17B6800225A647B68A6
:10CD0000002283F83C207B681B686FF004021A60E5
:10CD10007B681B685A687B681B6842F080025A6017
:10CD2000364BFB60FB685B6803F01F03002B24D1CC
:10CD30007B681B689B6803F44013002B0CBF012326
:10CD40000023DBB27B617B681B685B6803F4806354
:10CD5000002B0CBF01230023DBB23B617B69002B5E
:10CD600041D03B69002B3ED07B681B689A687B688A
:10CD70001B6842F480029A6035E07B681B689B6800
:10CD800003F44013002B0CBF01230023DBB27B61B3
:10CD90007B681B685B6803F48063002B0CBF012376
:10CDA0000023DBB23B617B681B68154A93421AD1B2
:10CDB0007B69002B17D03B69002B14D07B681B6864
:10CDC0009A687B681B6842F480029A600BE07B687B
:10CDD0001B6C43F010027B681A647B685B6C43F049
:10CDE00001027B685A64002318461C37BD465DF873
:10CDF000047B70477000002083DE1B43002301404A
:10CE00000020014080B485B000AF78600023FB7340
:10CE10007B6893F83C30012B01D1022337E07B681B
:10CE2000012283F83C207B681B6C03F48073002B89
:10CE300020D17B681B685B6803F48063002B19D1E9
:10CE40007B681B689A687B681B6822F001029A6005
:10CE50007B681B689B6803F00103002B12D17B6881
:10CE60001B6C23F4885323F0010343F001027B6819
:10CE70001A6407E07B681B6C43F020027B681A642D
:10CE80000123FB737B68002283F83C20FB7B184660
:10CE90001437BD465DF8047B704780B584B000AFA1
:10CEA000786039600023FB60FEF78EF9F8601EE0C1
:10CEB0003B68B3F1FF3F1AD03B68002B07D0FEF769
:10CEC00083F90246FB68D31A3A689A420FD27B680C
:10CED0001B681B6803F00403042B08D07B68042242
:10CEE0001A647B68002283F83C2003234BE07B68B4
:10CEF0001B681B6803F00403042BD9D17B681B68F3
:10CF00006FF00C021A607B681B6C43F400527B6864
:10CF10001A647B681B689B6803F44013002B31D1B3
:10CF20007B681B689B6B03F44013002B06D07B6867
:10CF30001B689B6803F48063002B23D17B681B680C
:10CF40005B6803F48063002B1CD17B681B689B68C3
:10CF500003F04053002B15D17B681B7E002B11D1B1
:10CF60007B681B6C23F480527B681A647B681B6CA3
:10CF700003F48073002B05D17B681B6C43F0010226
:10CF80007B681A64002318461037BD4680BD80B404
:10CF900085B000AF78600023FB737B6893F83C306A
:10CFA000012B01D102233FE07B68012283F83C2062
:10CFB0007B681B6C03F48073002B28D17B681B6893
:10CFC0005B6803F48063002B21D17B681B689A683F
:10CFD0007B681B6822F001029A607B681B689B6873
:10CFE00003F00103002B1AD17B681B685A687B6829
:10CFF0001B6822F080025A607B681B6C23F4885304
:10D0000023F0010343F001027B681A6407E07B68A8
:10D010001B6C43F020027B681A640123FB737B685E
:10D02000002283F83C20FB7B18461437BD465DF890
:10D03000047B704780B485B000AF7860396000230E
:10D04000FB607B681B686FF004021A603B68013B61
:10D05000032B1FD801A252F823F000BF8BD0000889
:10D0600081D0000877D000086DD000087B681B686D
:10D070009B6CFB600FE07B681B685B6CFB600AE0ED
:10D080007B681B681B6CFB6005E07B681B68DB6BC7
:10D09000FB6000E000BFFB6818461437BD465DF832
:10D0A000047B704780B588B000AFF860B9607A60E3
:10D0B00000237B610023FB77FB6893F83C30012B56
:10D0C00001D10223ADE0FB68012283F83C20FB681C
:10D0D0001B689B6803F00103012B18D0FB681B68D9
:10D0E0009A68FB681B6842F001029A604F4B1B680C
:10D0F0004F4AA2FB03239A0C13465B0013447B6147
:10D1000002E07B69013B7B617B69002BF9D1FB6805
:10D110001B689B6803F00103012B75D1FB681B6C36
:10D1200023F4E06323F0010343F48072FB681A6484
:10D13000FB681B685B6803F48063002B07D0FB6807
:10D140001B6C23F4405343F48052FB681A64FB6861
:10D150001B6C03F48053B3F5805F06D1FB685B6CF6
:10D1600023F00602FB685A6402E0FB6800225A645E
:10D17000FB68002283F83C20FB689B6B2D4ADA6336
:10D18000FB689B6B2C4A1A64FB689B6B2B4ADA6426
:10D19000FB681B686FF002021A60FB681B685A6824
:10D1A000FB681B6842F080625A60254BBB61FB68DC
:10D1B00093F83030002B06D0BB695B6843F4005213
:10D1C000BB695A6005E0BB695B6823F40052BB6928
:10D1D0005A60FB68986BBB6908331946BA687B686C
:10D1E000FCF727FC0346FB77FB681B689B6803F092
:10D1F0004053002B14D1FB681B689A68FB681B68BE
:10D2000042F080429A600BE0FB681B6C43F0100216
:10D21000FB681A64FB685B6C43F00102FB685A64AC
:10D22000FB7F18462037BD4680BD00BF7000002040
:10D2300083DE1B43D1D6000877D7000893D70008B8
:10D240000023014080B584B000AF78600023FB73F9
:10D250007B6893F83C30012B01D1022338E07B68D6
:10D26000012283F83C207B681B689A687B681B68F6
:10D2700022F001029A60184BBB607B681B689B68B8
:10D2800003F00103002B1ED1BB685B6823F400523E
:10D29000BB685A607B689B6B1846FCF722FC034610
:10D2A000FB737B681B685A687B681B6822F080628E
:10D2B0005A607B681B6C23F4885323F0010343F00E
:10D2C00001027B681A647B68002283F83C20FB7BA8
:10D2D00018461037BD4680BD0023014080B485B09C
:10D2E00000AF7860044BFB60FB689B6818461437FE
:10D2F000BD465DF8047B70470023014080B483B0D5
:10D3000000AF786000BF0C37BD465DF8047B704706
:10D3100080B485B000AF786039607B6893F83C30AA
:10D32000012B01D102237EE17B68012283F83C209E
:10D330003B681B68092B25D97B681B68D9683B684B
:10D340001B689BB21A4613465B0013441E3B072220
:10D3500002FA03F3DA437B681B680A40DA607B68F1
:10D360001B68D9683B689A683B681B689BB2184683
:10D3700003465B0003441E3B9A407B681B680A43DC
:10D38000DA6022E07B681B6819693B681B689BB206
:10D390001A4613465B001344072202FA03F3DA43EA
:10D3A0007B681B680A401A617B681B6819693B68C7
:10D3B0009A683B681B689BB2184603465B000344AF
:10D3C0009A407B681B680A431A617B681B689A6BEA
:10D3D0007B681B6822F440129A637B681B68996B18
:10D3E0003B681B69013B1A057B681B680A439A630B
:10D3F0007B681B68996B3B685B68DAB23B681B69AA
:10D40000DBB2D31ADBB20333DBB21A4613469B00FE
:10D4100013441F2202FA03F3DA437B681B680A40B5
:10D420009A637B681B68996B3B681B689BB21846C4
:10D430003B685B68DAB23B681B69DBB2D31ADBB2CC
:10D440000333DBB21A4613469B00134400FA03F27F
:10D450007B681B680A439A633B689B69754A9342E1
:10D4600022D07B681B689A687B681B6822F4702254
:10D470009A607B681B6899683B689A697B681B683F
:10D480000A439A607B681B689A687B681B6822F471
:10D4900040129A607B681B6899683B68DA697B6810
:10D4A0001B680A439A600FE07B681B689A687B6878
:10D4B0001B6822F470229A607B681B689A687B68FC
:10D4C0001B6822F440129A603B685B7D002B08D0F9
:10D4D0007B681B685A687B681B6842F480625A60EC
:10D4E00007E07B681B685A687B681B6822F48062CF
:10D4F0005A603B681B7D002B08D07B681B685A680C
:10D500007B681B6842F480525A6007E07B681B68A6
:10D510005A687B681B6822F480525A603B685B68DB
:10D52000032B2ED0032B40D8012B02D0022B14D07A
:10D530003BE07B681B685B697A68126823F47F6351
:10D5400023F00F0353617B681B6859693B68DA68F5
:10D550007B681B680A435A613BE07B681B689B69D8
:10D560007A68126823F47F6323F00F0393617B686A
:10D570001B6899693B68DA687B681B680A439A6193
:10D5800027E07B681B68DB697A68126823F47F6395
:10D5900023F00F03D3617B681B68D9693B68DA68A5
:10D5A0007B681B680A43DA6113E07B681B681B6AAF
:10D5B0007A68126823F47F6323F00F0313627B6899
:10D5C0001B68196A3B68DA687B681B680A431A6241
:10D5D00000BF194BFB607B681B68184A934209D156
:10D5E0003B681B68122B05D1FB685B6843F4800223
:10D5F000FB685A607B681B68104A93420ED13B68F7
:10D600001B680F4A934203D03B681B68112B05D15E
:10D61000FB685B6843F40002FB685A607B68002289
:10D6200083F83C20002318461437BD465DF8047B80
:10D63000704700BF01000F0000230140002001409F
:10D640001200001080B485B000AF786039607B684C
:10D6500093F83C30012B01D1022331E07B68012299
:10D6600083F83C20194BFB60FB685B6823F01F02CA
:10D67000FB685A60FB685A683B681B681A43FB6882
:10D680005A60FB685B6823F44042FB685A60FB68A1
:10D690005A683B685B681A43FB685A60FB685B68C2
:10D6A00023F47062FB685A60FB685A683B689B68A9
:10D6B0001A43FB685A607B68002283F83C200023F1
:10D6C00018461437BD465DF8047B704700230140BF
:10D6D00080B584B000AF78607B689B6BFB60FB68B3
:10D6E0001B6C03F05003002B3CD1FB681B6C43F414
:10D6F0000072FB681A64FB681B689B6803F0405368
:10D70000002B2BD1FB681B7E002B27D1FB681B68ED
:10D71000DB6A03F47003002B06D0FB681B689B6870
:10D7200003F48063002B19D1FB681B685A68FB68FF
:10D730001B6822F020025A60FB681B6C23F4807285
:10D74000FB681A64FB681B6C03F48053002B05D143
:10D75000FB681B6C43F00102FB681A64F868FEF773
:10D7600064FE04E0FB689B6BDB6C7868984700BF45
:10D770001037BD4680BD80B584B000AF78607B684F
:10D780009B6BFB60F868FEF75AFE00BF1037BD4682
:10D7900080BD80B584B000AF78607B689B6BFB6018
:10D7A000FB6840221A64FB685B6C43F00402FB6870
:10D7B0005A64F868FEF757FE00BF1037BD4680BDBB
:10D7C00080B586B000AFF860B9601346FB71FB68A6
:10D7D000002B01D103231FE0FB680022C3F8B8220D
:10D7E000FB680022C3F8C422FB680022C3F8D022E1
:10D7F000BB68002B03D0FB68BA68C3F8B422FB688F
:10D80000012283F89C22FB68FA791A70F868F2F713
:10D810005BFE0346FB75FB7D18461837BD4680BD91
:10D8200080B584B000AF78607868F2F7CFFE7B688F
:10D83000012283F89C227B68D3F8B832002B09D0F0
:10D840007B68D3F8B8325B687A685268D2B2114606
:10D85000786898477B680022C3F8C4227B6800225E
:10D86000C3F8B4227B680022C3F8D0227868F2F7AC
:10D8700077FE0346FB73FB7B18461037BD4680BD21
:10D8800080B584B000AF786039600023FB813B68CD
:10D89000002B01D1032325E07B683A68C3F8B82246
:10D8A0007B68D3F8D4227B68AE3253F82230DB6A2F
:10D8B000002B0FD07B68D3F8D4227B68AE3253F8AC
:10D8C0002230DB6A07F10E021046984702467B6859
:10D8D000C3F8D0227B68D3F8D8325A1C7B68C3F8CF
:10D8E000D822002318461037BD4680BD80B582B0CF
:10D8F00000AF78607868F2F74EFE034618460837A6
:10D90000BD4680BD80B582B000AF78607868F2F720
:10D910005DFE7B68D3F8B832002B09D07B68D3F862
:10D92000B8325B687A685268D2B211467868984714
:10D93000002318460837BD4680BD80B483B000AFD1
:10D940007860002318460C37BD465DF8047B7047AD
:10D9500080B584B000AF78600B46FB700023FB738A
:10D960007B68D3F8B832002B09D07B68D3F8B83283
:10D970001B68FA781146786898470346FB73FB7B6F
:10D9800018461037BD4680BD80B584B000AF7860C2
:10D990000B46FB700023FB737B68D3F8B8325B68DF
:10D9A000FA781146786898470346002B01D0032384
:10D9B000FB73FB7B18461037BD4680BD80B584B035
:10D9C00000AF786039607B6803F2AA233968184693
:10D9D00001F01FF97B680122C3F894227B68B3F839
:10D9E000B0321A467B68C3F898227B6893F8AA3253
:10D9F00003F01F03022B1AD0022B22D8002B02D0D7
:10DA0000012B0AD01DE07B6803F2AA23194678682F
:10DA100000F077FB0346FB7320E07B6803F2AA2348
:10DA20001946786800F0DFFB0346FB7316E07B685D
:10DA300003F2AA231946786800F041FC0346FB7301
:10DA40000CE07B6893F8AA3223F07F03DBB219461F
:10DA50007868F2F73AFE0346FB7300BFFB7B18467B
:10DA60001037BD4680BD80B586B000AFF8600B466C
:10DA70007A60FB720023FB75FB7A002B77D1FB6881
:10DA800003F5AA733B61FB68D3F89432032B40F093
:10DA9000A1803B695B683A69928993421CD93B69D2
:10DAA0005B683A6992899A1A3B695A603B691B69BB
:10DAB0003A6992891A443B691A613B6919693B6961
:10DAC0009B891A463B695B68934238BF13461A46E6
:10DAD000F86801F0A5F97DE0FB6893F8AA3203F03D
:10DAE0001F03022B14D0022B1DD8002B02D0012BB8
:10DAF00003D018E00023BB7518E0FB68B3F8AE3222
:10DB0000DBB21946F86800F06EFA0346BB750DE00B
:10DB1000FB68B3F8AE32DBB21946F86800F070FA71
:10DB20000346BB7502E00023BB7500BFBB7D002B25
:10DB300019D1FB6893F89C32DBB2032B13D1BA7D69
:10DB4000FB68AE3253F822301B69002B0BD0BA7D34
:10DB5000FB68C3F8D422BA7DFB68AE3253F822309A
:10DB60001B69F8689847F86801F06BF932E0FB7AB6
:10DB700003F07F03DBB21946F86800F041FA034670
:10DB8000BB75BB7DFF2B25D0BB7D002B22D1FB6855
:10DB900093F89C32DBB2032B17D1BA7DFB68AE320F
:10DBA00053F822309B69002B0FD0BA7DFB68C3F875
:10DBB000D422BA7DFB68AE3253F822309B69FA7AE0
:10DBC0001146F86898470346FB75FB7D002B01D092
:10DBD000FB7D00E0002318461837BD4680BD80B5A8
:10DBE00086B000AFF8600B467A60FB72FB7A002BC0
:10DBF00078D1FB6814333B61FB68D3F89432022B75
:10DC000063D13B695B683A69928993421CD93B694D
:10DC10005B683A6992899A1A3B695A603B691B6949
:10DC20003A6992891A443B691A613B6919693B69EF
:10DC30005B681A46F86801F0C1F800230022002151
:10DC4000F868F2F7ECFD40E03B699B891A463B69B6
:10DC50005B689A421CD13B691B683A69928993427E
:10DC600016D33B691A68FB68D3F898329A420FD2F0
:10DC700000220021F86801F0A1F8FB680022C3F837
:10DC80009822002300220021F868F2F7C8FD1CE06A
:10DC9000FB6893F89C32DBB2032B0FD1FB68D3F8FF
:10DCA000B832DB68002B09D0FB680022C3F8D4220D
:10DCB000FB68D3F8B832DB68F86898478021F868C9
:10DCC000F2F703FDF86801F0CFF8FB6893F8A03293
:10DCD000002B3AD0F868FFF730FEFB68002283F88B
:10DCE000A02232E0FB7A63F07F03DBB21946F868CA
:10DCF00000F086F90346FB75FB7DFF2B25D0FB7DED
:10DD0000002B22D1FB6893F89C32DBB2032B1CD191
:10DD1000FA7DFB68AE3253F822305B69002B14D0D9
:10DD2000FA7DFB68C3F8D422FA7DFB68AE3253F863
:10DD300022305B69FA7A1146F86898470346BB754A
:10DD4000BB7D002B01D0BB7D00E0002318461837B7
:10DD5000BD4680BD80B584B000AF78600023FB7302
:10DD60007B68012283F89C227B680022C3F89422FE
:10DD70007B6800225A607B680022C3F8A4227B687B
:10DD8000002283F8A0227B68D3F8B832002B14D08D
:10DD90007B68D3F8B8325B68002B0ED07B68D3F871
:10DDA000B8325B687A685268D2B211467868984790
:10DDB0000346002B01D00323FB73402300220021E4
:10DDC0007868F2F71EFC7B68012283F863217B6888
:10DDD0004022A3F860214023002280217868F2F7D6
:10DDE00010FC7B68012283F823207B6840221A8480
:10DDF000FB7B18461037BD4680BD80B483B000AFB2
:10DE000078600B46FB707B68FA781A74002318461A
:10DE10000C37BD465DF8047B704780B483B000AF1B
:10DE200078607B6893F89C32DBB2042B06D07B6869
:10DE300093F89C32DAB27B6883F89D227B680422D7
:10DE400083F89C22002318460C37BD465DF8047BFE
:10DE5000704780B483B000AF78607B6893F89C32E1
:10DE6000DBB2042B06D17B6893F89D32DAB27B6873
:10DE700083F89C22002318460C37BD465DF8047BCE
:10DE8000704780B582B000AF78607B6893F89C32B1
:10DE9000DBB2032B10D17B68D3F8B832002B0BD048
:10DEA0007B68D3F8B832DB69002B05D07B68D3F8E8
:10DEB000B832DB6978689847002318460837BD46B2
:10DEC00080BD80B582B000AF78600B46FB707B6888
:10DED000D3F8D4227B68AE3253F82230002B01D124
:10DEE00003231CE07B6893F89C32DBB2032B15D133
:10DEF0007B68D3F8D4227B68AE3253F822301B6A99
:10DF0000002B0BD07B68D3F8D4227B68AE3253F859
:10DF100022301B6AFA781146786898470023184621
:10DF20000837BD4680BD80B582B000AF78600B4633
:10DF3000FB707B68D3F8D4227B68AE3253F8223072
:10DF4000002B01D103231CE07B6893F89C32DBB2E9
:10DF5000032B15D17B68D3F8D4227B68AE3253F8FB
:10DF600022305B6A002B0BD07B68D3F8D4227B680D
:10DF7000AE3253F822305B6AFA78114678689847D7
:10DF8000002318460837BD4680BD80B483B000AF7B
:10DF90007860002318460C37BD465DF8047B704757
:10DFA00080B584B000AF78600023FB737B680122EA
:10DFB00083F89C227B68D3F8B832002B0ED07B68A4
:10DFC000D3F8B8325B687A685268D2B21146786882
:10DFD00098470346002B01D00323FB73FB7B1846B5
:10DFE0001037BD4680BD80B483B000AF78600B466B
:10DFF000FB70002318460C37BD465DF8047B704764
:10E0000080B483B000AF78600B46FB7000231846E5
:10E010000C37BD465DF8047B704780B586B000AF15
:10E0200078600B46FB707B687B617B68FB6000233C
:10E030003B61FB685B889BB2FA68127893421FD9F8
:10E04000FB681B787B8113E007F10A0319467869A6
:10E0500000F01BF878617B695B78052B08D17B6940
:10E060003B613B699B78FA789A4208D000233B6178
:10E07000FB685B889AB27B899A42E5D800E000BFD2
:10E080003B6918461837BD4680BD80B485B000AFE7
:10E09000786039607B68FB603B681B88FA6812789F
:10E0A00013449AB23B681A80FB681B781A467B6857
:10E0B0001344FB60FB6818461437BD465DF8047BCB
:10E0C0007047000080B487B000AF78607B687B61E8
:10E0D0007B691B787B827B6901337B617B691B7861
:10E0E0003B82B7F910301B021AB2B7F91230134352
:10E0F0001BB2FB81FB8918461C37BD465DF8047BCB
:10E10000704780B584B000AF786039600023FB733E
:10E110003B681B7803F06003402B05D0402B58D898
:10E12000002B0FD0202B54D17B68D3F8D4227B68EE
:10E13000AE3253F822309B683968786898470346B6
:10E14000FB734BE03B685B78092B3CD801A252F88B
:10E1500023F000BFA9E10008BDE10008C7E1000805
:10E16000B3E10008C7E1000887E100087DE100088D
:10E17000C7E100089FE1000891E10008396878686C
:10E1800000F03CFA24E03968786800F0A0FB1FE05A
:10E190003968786800F0DFFB0346FB7318E03968E4
:10E1A000786800F081FC13E03968786800F0B2FC10
:10E1B0000EE03968786800F0E1FC09E039687868B9
:10E1C00000F005FD04E03968786800F05CFD00BFF0
:10E1D00004E03968786800F056FD00BFFB7B184604
:10E1E0001037BD4680BD80B584B000AF786039601F
:10E1F0000023FB733B681B7803F06003402B05D0C2
:10E20000402B52D8002B01D0202B4ED17B6893F8A5
:10E210009C32DBB2013B022B40D83B689B88DBB2CF
:10E22000012B36D83B689B88DBB219467868FFF72C
:10E23000DAFE0346BB73BB7BFF2B1DD0BB7B002BE1
:10E240001AD1BA7B7B68AE3253F822309B68002B20
:10E250000FD0BA7B7B68C3F8D422BA7B7B68AE321E
:10E2600053F822309B683968786898470346FB73F7
:10E2700004E00323FB7301E00323FB733B68DB88AB
:10E28000002B10D1FB7B002B0DD1786800F0D9FD5D
:10E2900009E03968786800F0F6FC04E039687868CD
:10E2A00000F0F1FC00E000BF04E03968786800F09D
:10E2B000EAFC00BFFB7B18461037BD4680BD80B529
:10E2C00084B000AF786039600023FB733B689B88A3
:10E2D000BB733B681B7803F06003402B07D0402BD7
:10E2E00000F28181002B2AD0202B40F07C81BB7B67
:10E2F00019467868FFF784FE03467B737B7BFF2B10
:10E3000000F076817B7B002B40F072817A7B7B680A
:10E31000C3F8D4227A7B7B68AE3253F822309B68F4
:10E32000002B00F065817A7B7B68AE3253F8223097
:10E330009B683968786898470346FB7358E13B68E7
:10E340005B78032B08D0032B00F34781002B00F0F0
:10E350009B80012B3CD040E17B6893F89C32DBB280
:10E36000022B02D0032B16D02CE0BB7B002B0DD050
:10E37000BB7B802B0AD0BB7B19467868F2F7A5F9E6
:10E3800080217868F2F7A1F900BF20E03968786849
:10E3900000F079FC1BE03B685B88002B0ED1BB7B57
:10E3A000002B0BD0BB7B802B08D03B68DB88002B7D
:10E3B00004D1BB7B19467868F2F787F9786800F0DA
:10E3C00040FD04E03968786800F05DFC00BF09E1B9
:10E3D0007B6893F89C32DBB2022B02D0032B16D061
:10E3E0004BE0BB7B002B0DD0BB7B802B0AD0BB7BD3
:10E3F00019467868F2F769F980217868F2F765F9CB
:10E4000000BF40E03968786800F03DFC3BE03B68C5
:10E410005B88002B36D1BB7B03F07F03002B04D03D
:10E42000BB7B19467868F2F76FF9786800F009FD50
:10E43000BB7B19467868FFF7E3FD03467B737B7B64
:10E44000FF2B1FD07B7B002B1CD17A7B7B68C3F812
:10E45000D4227A7B7B68AE3253F822309B68002B43
:10E4600010D07A7B7B68AE3253F822309B683968D3
:10E47000786898470346FB7304E03968786800F0D1
:10E4800002FC00E000BFADE07B6893F89C32DBB299
:10E49000022B02D0032B33D099E0BB7B002B07D09B
:10E4A000BB7B802B04D03968786800F0ECFB93E0EC
:10E4B00097F90E30002B0BDABB7B03F07F0213467B
:10E4C0009B0013449B0010337A68134404330BE021
:10E4D000BB7B03F07F0213469B0013449B0003F5B4
:10E4E000A8737A6813440433BB60BB6800229A7334
:10E4F000BB680E3302221946786800F041FC6BE0DD
:10E5000097F90E30002B11DABB7B03F00F0279680C
:10E5100013469B0013449B000B4423331B78002BB2
:10E5200017D13968786800F0AEFB55E0BB7B03F08B
:10E530000F02796813469B0013449B000B4403F2BF
:10E5400063131B78002B04D13968786800F09BFBBB
:10E5500042E097F90E30002B0BDABB7B03F07F0211
:10E5600013469B0013449B0010337A681344043312
:10E570000BE0BB7B03F07F0213469B0013449B0020
:10E5800003F5A8737A6813440433BB60BB7B002B8C
:10E5900002D0BB7B802B03D1BB6800229A730EE0B4
:10E5A000BB7B19467868F2F7CEF80346002B03D000
:10E5B000BB6801229A7302E0BB6800229A73BB68B1
:10E5C0000E3302221946786800F0DAFB04E039685D
:10E5D000786800F058FB00BF04E03968786800F004
:10E5E00052FB00BF05E03968786800F04CFB00E0A2
:10E5F00000BFFB7B18461037BD4680BD80B584B098
:10E6000000AF7860396000233B810023FB6000236A
:10E61000FB723B685B881B0A9BB2013B062B00F236
:10E62000288101A252F823F045E600085DE60008C3
:10E630009DE6000873E8000873E8000813E8000886
:10E640003FE800087B68D3F8B4321B687A68127C14
:10E6500007F1080110469847F86012E17B681B7CBF
:10E66000002B0DD17B68D3F8B8329B6A07F1080202
:10E6700010469847F860FB68013302221A7000E1E7
:10E680007B68D3F8B832DB6A07F108021046984776
:10E69000F860FB68013302221A70F2E03B685B8885
:10E6A000DBB2052B00F2AC8001A252F823F000BFD0
:10E6B000C9E60008FDE6000831E7000865E7000844
:10E6C00099E70008CDE700087B68D3F8B4325B68AF
:10E6D000002B0BD07B68D3F8B4325B687A68127C6D
:10E6E00007F1080110469847F86091E039687868AA
:10E6F00000F0C9FAFB7A0133FB7289E07B68D3F83A
:10E70000B4329B68002B0BD07B68D3F8B4329B6883
:10E710007A68127C07F1080110469847F86077E0A4
:10E720003968786800F0AFFAFB7A0133FB726FE06A
:10E730007B68D3F8B432DB68002B0BD07B68D3F84E
:10E74000B432DB687A68127C07F1080110469847FA
:10E75000F8605DE03968786800F095FAFB7A01337B
:10E76000FB7255E07B68D3F8B4321B69002B0BD0E9
:10E770007B68D3F8B4321B697A68127C07F1080110
:10E7800010469847F86043E03968786800F07BFAF3
:10E79000FB7A0133FB723BE07B68D3F8B4325B69F0
:10E7A000002B0BD07B68D3F8B4325B697A68127C9B
:10E7B00007F1080110469847F86029E03968786841
:10E7C00000F061FAFB7A0133FB7221E07B68D3F839
:10E7D000B4329B69002B0BD07B68D3F8B4329B69B1
:10E7E0007A68127C07F1080110469847F8600FE03C
:10E7F0003968786800F047FAFB7A0133FB7207E06A
:10E800003968786800F03FFAFB7A0133FB7200BF89
:10E8100037E07B681B7C002B09D17B68D3F8B832CA
:10E820005B6B07F1080210469847F86029E03968E9
:10E83000786800F028FAFB7A0133FB7221E07B68EC
:10E840001B7C002B0DD17B68D3F8B8321B6B07F112
:10E85000080210469847F860FB68013307221A70D7
:10E860000FE03968786800F00EFAFB7A0133FB722A
:10E8700007E03968786800F006FAFB7A0133FB722A
:10E8800000BFFB7A002B1ED13B68DB88002B16D023
:10E890003B89002B0ED03B68DA883B89934228BF26
:10E8A00013469BB23B813B891A46F968786800F0B1
:10E8B00067FA09E03968786800F0E5F904E07868FB
:10E8C00000F0BFFA00E000BF1037BD4680BD80B544
:10E8D00084B000AF786039603B689B88002B31D1F1
:10E8E0003B68DB88002B2DD13B685B887F2B29D8C8
:10E8F0003B685B88DBB203F07F03FB737B6893F8B4
:10E900009C32DBB2032B04D13968786800F0BBF984
:10E910001DE07B68FA7B83F89E22FB7B19467868B2
:10E92000F1F73DFF786800F08CFAFB7B002B04D0F8
:10E930007B68022283F89C2209E07B68012283F82D
:10E940009C2204E03968786800F09DF900BF00BFA0
:10E950001037BD4680BD80B584B000AF78603960A7
:10E960000023FB733B685B88DAB24E4B1A704D4B49
:10E970001B78012B05D93968786800F084F90323E6
:10E980008CE07B6893F89C32DBB2022B02D0032B25
:10E9900029D075E0434B1B78002B20D0414B1B78CE
:10E9A0001A467B685A603F4B1B7819467868FEF719
:10E9B000CFFF0346FB73FB7B002B08D039687868D8
:10E9C00000F061F97B68022283F89C2265E0786898
:10E9D00000F037FA7B68032283F89C225DE07868B8
:10E9E00000F02FFA59E02F4B1B78002B12D17B68D7
:10E9F000022283F89C222B4B1B781A467B685A60B4
:10EA0000284B1B7819467868FEF7BEFF786800F03F
:10EA100018FA42E0234B1B781A467B685B689A42DF
:10EA20002AD07B685B68DBB219467868FEF7ACFFDA
:10EA30001C4B1B781A467B685A601A4B1B78194688
:10EA40007868FEF785FF0346FB73FB7B002B0FD036
:10EA50003968786800F017F97B685B68DBB21946A3
:10EA60007868FEF791FF7B68022283F89C2214E00D
:10EA7000786800F0E6F910E0786800F0E2F90CE060
:10EA80003968786800F0FFF8064B1B7819467868FB
:10EA9000FEF77AFF0323FB7300BFFB7B184610379A
:10EAA000BD4680BDE41F002080B582B000AF786015
:10EAB00039603B68DB88012B04D03968786800F046
:10EAC000E2F823E07B6893F89C32DBB2022B02DC95
:10EAD000002B03DC15E0032B0BD012E07B68002237
:10EAE0009A607B68083301221946786800F048F97B
:10EAF0000CE07B68043301221946786800F040F985
:10EB000004E03968786800F0BEF800BF00BF08373D
:10EB1000BD4680BD80B582B000AF786039607B684B
:10EB200093F89C32DBB2013B022B1ED83B68DB889A
:10EB3000022B04D03968786800F0A5F81AE07B68E9
:10EB40000122DA607B68D3F8A432002B05D07B6801
:10EB5000DB6843F002027B68DA607B680C330222D8
:10EB60001946786800F00CF904E03968786800F01C
:10EB70008AF800BF00BF0837BD4680BD80B582B0AF
:10EB800000AF786039603B685B88012B07D17B68F8
:10EB90000122C3F8A422786800F053F913E03B681F
:10EBA0005B88022B0BD13B689B881B0A9BB2DAB2B5
:10EBB0007B6883F8A022786800F043F903E03968A5
:10EBC000786800F060F800BF0837BD4680BD80B5AA
:10EBD00082B000AF786039607B6893F89C32DBB21A
:10EBE000013B022B0BD83B685B88012B0CD17B6867
:10EBF0000022C3F8A422786800F023F904E0396801
:10EC0000786800F040F800E000BF00BF0837BD465C
:10EC100080BD80B584B000AF786039603B68FB6030
:10EC2000FB681A787B681A70FB680133FB60FB682D
:10EC30001A787B685A70FB680133FB60F868FFF74D
:10EC400041FA03461A467B685A80FB680133FB6031
:10EC5000FB680133FB60F868FFF734FA03461A4695
:10EC60007B689A80FB680133FB60FB680133FB60C3
:10EC7000F868FFF727FA03461A467B68DA8000BF78
:10EC80001037BD4680BD80B582B000AF7860396076
:10EC900080217868F1F719FD00217868F1F715FDFA
:10ECA00000BF0837BD4680BD80B586B000AFF860B4
:10ECB000B9607A600023FB75FB68002B42D0FB68CB
:10ECC0003B61386900F042F8034601335B00B3F55D
:10ECD000007F08D8386900F039F8034601339BB249
:10ECE0005B009AB201E04FF400727B681A80FB7DF2
:10ECF000BA6813447A6812781A70FB7D0133FB7589
:10ED0000FB7DBA68134403221A70FB7D0133FB7547
:10ED100013E0FB7DBA6813443A6912781A703B69B4
:10ED200001333B61FB7D0133FB75FB7DBA68134406
:10ED300000221A70FB7D0133FB753B691B78002BA9
:10ED4000E7D100E000BF1837BD4680BD80B485B074
:10ED500000AF78600023FB737B68BB6005E0FB7B42
:10ED60000133FB73BB680133BB60BB681B78002BAE
:10ED7000F5D1FB7B18461437BD465DF8047B704720
:10ED800080B584B000AFF860B9607A60FB68022299
:10ED9000C3F89422FB687A685A61FB68BA685A62C1
:10EDA000FB687A689A617B68BA680021F868F1F7B5
:10EDB00015FD002318461037BD4680BD80B584B0D0
:10EDC00000AFF860B9607A607B68BA680021F868C3
:10EDD000F1F704FD002318461037BD4680BD80B50D
:10EDE00084B000AFF860B9607A60FB680322C3F8B2
:10EDF0009422FB687A68C3F85421FB68BA68C3F8A8
:10EE00006421FB687A68C3F858217B68BA680021DE
:10EE1000F868F1F704FD002318461037BD4680BDA1
:10EE200080B584B000AFF860B9607A607B68BA687A
:10EE30000021F868F1F7F3FC002318461037BD46AF
:10EE400080BD80B582B000AF78607B680422C3F8D3
:10EE500094220023002200217868F1F7BFFC0023F0
:10EE600018460837BD4680BD80B582B000AF7860D7
:10EE70007B680522C3F894220023002200217868D1
:10EE8000F1F7CDFC002318460837BD4680BD80B59C
:10EE900082B000AF78600B46FB70FB78194678684B
:10EEA000F1F7DEFC034618460837BD4680BD00007A
:10EEB00080B584B000AF78600B46FB704FF40770EC
:10EEC000F1F7E1FCF860FB68002B09D17B68D3F80F
:10EED000D4227B68B032002143F822100223D4E010
:10EEE0004FF407720021F86801F0A6F87B68D3F8A8
:10EEF000D4227B68B032F96843F822107B68D3F8DB
:10EF0000D4227B68B03253F822207B68C3F8BC223D
:10EF10007B681B7C002B38D15E4B19784FF4007353
:10EF200002227868F1F76DFB5A4B1B7803F00F0251
:10EF3000796813469B0013449B000B442333012242
:10EF40001A70554B19784FF4007302227868F1F764
:10EF500058FB514B1B7803F00F02796813469B0056
:10EF600013449B000B4403F2631301221A704B4BB2
:10EF70001B7803F00F02796813469B0013449B0033
:10EF80000B441C3310221A6035E0424B19784023A1
:10EF900002227868F1F735FB3E4B1B7803F00F0235
:10EFA000796813469B0013449B000B4423330122D2
:10EFB0001A70394B1978402302227868F1F721FB47
:10EFC000354B1B7803F00F02796813469B001344FE
:10EFD0009B000B4403F2631301221A702F4B1B7822
:10EFE00003F00F02796813469B0013449B000B4407
:10EFF0001C3310221A60294B1978082303227868E1
:10F00000F1F7FFFA254B1B7803F00F0279681346DE
:10F010009B0013449B000B44233301221A70FB68AE
:10F020000022C3F804227B68D3F8D4327A68B03364
:10F030009B0013445B681B689847FB680022C3F879
:10F040001422FB680022C3F81822FB68D3F80432AC
:10F05000002B01D1022318E07B681B7C002B0AD116
:10F060000D4B1978FB68D3F804224FF400737868CD
:10F07000F1F7D5FB08E0084B1978FB68D3F80422B8
:10F0800040237868F1F7CBFB002318461037BD46C4
:10F0900080BD00BF230100202401002025010020A5
:10F0A00080B582B000AF78600B46FB703A4B1B789E
:10F0B00019467868F1F7CBFA374B1B7803F00F024B
:10F0C000796813469B0013449B000B4423330022B2
:10F0D0001A70324B1B7819467868F1F7B8FA2F4B43
:10F0E0001B7803F00F02796813469B0013449B00C2
:10F0F0000B4403F2631300221A70294B1B78194644
:10F100007868F1F7A4FA264B1B7803F00F027968B0
:10F1100013469B0013449B000B44233300221A70B8
:10F120001F4B1B7803F00F02796813469B001344B2
:10F130009B000B441C3300221A607B68D3F8D42256
:10F140007B68B03253F82230002B1FD07B68D3F895
:10F15000D4327A68B0339B0013445B685B6898478D
:10F160007B68D3F8D4227B68B03253F8223018463B
:10F17000F1F796FB7B68D3F8D4227B68B03200218C
:10F1800043F822107B680022C3F8BC2200231846F3
:10F190000837BD4680BD00BF2301002024010020A8
:10F1A0002501002080B586B000AF786039607B68AB
:10F1B000D3F8D4227B68B03253F822303B6100236D
:10F1C0007B7300237B810023FB753B69002B01D1FE
:10F1D0000323BFE03B681B7803F06003002B50D093
:10F1E000202B40F0AF803B68DB88002B3AD03B6897
:10F1F0001B785BB2002B1BDA7B68D3F8D4327A68B9
:10F20000B0339B0013445B689B683A685078396957
:10F210003A68D28898473B68DB88072B28BF0723CA
:10F22000FB813B69FA8919467868FFF7A9FD90E0F0
:10F230003B685A783B6983F800223B68DB883F2BA8
:10F2400003D83B68DB88DAB200E040223B6983F8F0
:10F25000012239693B6993F801321A467868FFF751
:10F26000BEFD76E07B68D3F8D4327A68B0339B0079
:10F2700013445B689B683A68507800223968984765
:10F2800067E03B685B780B2B51D801A252F823F062
:10F29000C1F200083DF300082FF300082FF3000827
:10F2A0002FF300082FF300082FF300082FF30008B6
:10F2B0002FF300082FF30008EBF2000815F3000805
:10F2C0007B6893F89C32DBB2032B07D107F10A036A
:10F2D000022219467868FFF753FD32E039687868F2
:10F2E000FFF7D1FC0323FB752BE07B6893F89C327E
:10F2F000DBB2032B07D107F10D0301221946786811
:10F30000FFF73EFD1DE039687868FFF7BCFC03237A
:10F31000FB7516E07B6893F89C32DBB2032B0FD0B1
:10F3200039687868FFF7AFFC0323FB7508E039689C
:10F330007868FFF7A8FC0323FB7502E000BF08E034
:10F3400000BF06E039687868FFF79DFC0323FB7572
:10F3500000BFFB7D18461837BD4680BD80B584B020
:10F3600000AF78600B46FB707B68D3F8C832FB6057
:10F370007B68D3F8D4227B68B03253F82230002B5C
:10F3800001D1032365E07B68D3F8D4227B68B032D7
:10F3900053F82230BB60FB7803F00F027968134604
:10F3A0009B0013449B000B4414331B68002B2FD08D
:10F3B000FB7803F00F02796813469B0013449B000F
:10F3C0000B4414331A68FB7803F00F01F8680B46FE
:10F3D000DB000B449B0003441C331B68B2FBF3F1BE
:10F3E00001FB03F3D31A002B12D1FB7803F00F02B9
:10F3F000796813469B0013449B000B44143300228E
:10F400001A60F978002300227868F1F7E7F91FE025
:10F41000BB680022C3F814227B68D3F8D4327A6820
:10F42000B0339B0013445B681B69002B10D07B68D2
:10F43000D3F8D4327A68B0339B0013445B681B69FD
:10F44000BA68D2F80802BA6802F50471FA789847E7
:10F45000002318461037BD4680BD80B584B000AF8C
:10F4600078600B46FB707B68D3F8D4227B68B0329F
:10F4700053F82230FB607B68D3F8D4227B68B0322B
:10F4800053F82230002B01D103231AE0FB781946F0
:10F490007868F1F7E5F90246FB68C3F80C227B684F
:10F4A000D3F8D4327A68B0339B0013445B68DB68CE
:10F4B000FA68D2F80402FA6802F503721146984716
:10F4C000002318461037BD4680BD80B584B000AF1C
:10F4D00078607B68D3F8D4227B68B03253F822304E
:10F4E000FB60FB68002B01D1032324E07B68D3F889
:10F4F000D4327A68B0339B0013445B68002B19D078
:10F50000FB6893F80032FF2B14D07B68D3F8D43219
:10F510007A68B0339B0013445B689B68FA6892F882
:10F520000002F968FA6892F801229847FB68FF2206
:10F5300083F80022002318461037BD4680BD80B5F1
:10F5400086B000AF786082211748FEF766FD7861CB
:10F5500001211548FEF761FD386181211248FEF74F
:10F560005CFDF8607B69002B02D07B6910229A71E8
:10F570003B69002B06D03B69002242F040021A7121
:10F5800000225A71FB68002B06D0FB68002242F073
:10F5900040021A7100225A717B6843221A80024B82
:10F5A00018461837BD4680BDE000002080B586B003
:10F5B00000AF786082211848FEF72FFD78610121A5
:10F5C0001548FEF72AFD386181211348FEF725FD15
:10F5D000F8607B69002B02D07B6910229A713B692D
:10F5E000002B06D03B6900221A71002242F0020271
:10F5F0005A71FB68002B06D0FB6800221A710022AA
:10F6000042F002025A717B6843221A80024B18466C
:10F610001837BD4680BD00BFE000002080B586B031
:10F6200000AF786082211848FEF7F7FC786101216D
:10F630001548FEF7F2FC386181211348FEF7EDFC16
:10F64000F8607B69002B02D07B6910229A713B69BC
:10F65000002B06D03B69002242F040021A710022C2
:10F660005A71FB68002B06D0FB68002242F0400272
:10F670001A7100225A717B6843221A80024B184685
:10F680001837BD4680BD00BFE000002080B483B0C5
:10F6900000AF78607B680A221A80034B18460C374B
:10F6A000BD465DF8047B70479C00002080B483B0A9
:10F6B00000AF786039603B68002B01D1032309E07B
:10F6C0007B68D3F8D4327A68B0339B0013443A682D
:10F6D0005A60002318460C37BD465DF8047B70471E
:10F6E00080B487B000AFF860B9607A60FB68D3F887
:10F6F000D422FB68B03253F822307B617B69002B47
:10F7000001D1032308E07B69BA68C3F808227B694A
:10F710007A68C3F81022002318461C37BD465DF8EE
:10F72000047B704780B485B000AF786039607B6837
:10F73000D3F8D4227B68B03253F82230FB60FB68E8
:10F74000002B01D1032304E0FB683A68C3F80422CC
:10F75000002318461437BD465DF8047B704780B51A
:10F7600084B000AF78607B68D3F8D4227B68B03275
:10F7700053F82230BB600123FB73BB68002B01D11F
:10F78000032325E0BB68D3F81432002B1FD1BB68DC
:10F790000122C3F81422104B1B7803F00F02BB6840
:10F7A000D3F81012786813469B0013449B0003445F
:10F7B00014331960084B1978BB68D3F80822BB686A
:10F7C000D3F810327868F1F709F80023FB73FB7B5C
:10F7D00018461037BD4680BD2301002080B584B097
:10F7E00000AF78607B68D3F8D4227B68B03253F8DE
:10F7F0002230FB607B68D3F8D4227B68B03253F8A8
:10F800002230002B01D1032318E07B681B7C002BE6
:10F810000AD10C4B1978FB68D3F804224FF400731B
:10F820007868F0F7FCFF08E0064B1978FB68D3F81E
:10F83000042240237868F0F7F2FF002318461037BF
:10F84000BD4680BD2401002053B94AB9002908BF34
:10F8500000281CBF4FF0FF314FF0FF3000F00CB814
:10F86000ADF1080C6DE904CE00F0A3F8DDF804E07A
:10F87000DDE9022304B07047704700BF00000000BC
:10F8800001F0FF01102A2BDB10F0070F08D010F851
:10F89000013B013A8B422DD010F0070F42B3F6D155
:10F8A000F0B441EA012141EA014122F007047FF06E
:10F8B00000070023F0E80256083C85EA010586EAC5
:10F8C000010685FA47F5A3FA87F586FA47F6A5FA01
:10F8D00087F68EB9EED1F0BC01F0FF0102F007020D
:10F8E00032B110F8013B013A83EA010313B1F8D1B8
:10F8F0000020704701387047002D06BF3546033899
:10F90000073815F0010F07D1013015F4807F02BFD1
:10F91000013015F4C03F0130F0BC0138704700BF22
:10F9200010B5054C237833B9044B13B10448AFF339
:10F9300000800123237010BDE51F0020000000009F
:10F94000A40E010808B5034B1BB103490348AFF3EC
:10F95000008008BD00000000E81F0020A40E010880
:10F96000DFF834D0F2F732FA0C480D490D4A002383
:10F9700002E0D458C4500433C4188C42F9D30A4A64
:10F980000A4C002301E013600432A242FBD300F0D2
:10F9900005FCF1F7EBFA70470000022000000020A0
:10F9A000A002002008110108A0020020E021002090
:10F9B000FEE72DE9F0478C468E46089E1546044624
:10F9C0001946002B40F0D080724547D9B2FA82F731
:10F9D0004FB1C7F120030EFA07FC20FA03F3BD4034
:10F9E00043EA0C0CBC404FEA154EA8B2BCFBFEF833
:10F9F000230C0EFB18CC08FB00F943EA0C43994595
:10FA000028D9EB1808F1FF3204D2994502D9A8F1A0
:10FA100002022B44A3EB0903A4B2B3FBFEFC0EFBD2
:10FA20001C330CFB00F044EA0344A04214D92C1907
:10FA30000CF1FF3304D2A04202D9ACF102032C44F2
:10FA4000241A43EA02401EB1FC4000233460736074
:10FA5000BDE8F0874246DDE76346F1E7002A79D04A
:10FA6000B2FA82F3002B3FD01946C1F1200302FA0B
:10FA700001F52EFA03F20EFA01FE20FA03F343EA2F
:10FA80000E034FEA154E00FA01F4B2FBFEFCAFB2D2
:10FA90000EFB1C201A0C0CFB07F842EA00429045B2
:10FAA0005AD9AA180CF1FF3004D2904502D9ACF112
:10FAB00002002A44A2EB08029BB2B2FBFEFC0EFB42
:10FAC0001C220CFB07F743EA02439F4246D9EB187E
:10FAD0000CF1FF3204D29F4202D9ACF102022B4456
:10FAE000DB1B42EA004202E0AEEB020301224FEAD6
:10FAF000154EAFB2B3FBFEFC200C0EFB1C330CFB0F
:10FB000007F840EA034398452AD9EB180CF1FF3077
:10FB100004D2984502D9ACF102002B44A3EB0803B0
:10FB2000A4B2B3FBFEFC0EFB1C330CFB07F744EA4C
:10FB30000344A74216D92C190CF1FF3304D2A74273
:10FB400002D9ACF102032C44E41B43EA00400F4607
:10FB5000114678E71F2188E76046ABE76246BFE7BA
:10FB60006046DBE76346EFE7734506D916B9002127
:10FB700008466DE7C6E9000EF9E7B3FA83F787B9DF
:10FB8000734501D3824207D8841A6EEB0303012028
:10FB90009C461EB900215BE73846FAE7C6E9004CEF
:10FBA000F8E7C7F1200CBB4022FA0CF51D4320FA00
:10FBB0000CF12EFA0CF30EFA07FE41EA0E014FEAA1
:10FBC000154900FA07F4B3FBF9F81FFA85FE09FBA3
:10FBD00018300B0C08FB0EFA43EA00439A4502FA70
:10FBE00007F240D9EB1808F1FF3004D29A4502D948
:10FBF000A8F102002B44A3EB0A0389B2B3FBF9F886
:10FC000009FB183308FB0EFE41EA03418E452CD94F
:10FC1000691808F1FF3304D28E4502D9A8F1020316
:10FC2000294443EA0040A0FB0298A1EB0E014145A4
:10FC3000CE46434602D306D14C4504D2B9EB020E60
:10FC400068EB05030138002EA4D0B4EB0E0261EB83
:10FC5000030101FA0CFC22FA07F34CEA0303F94012
:10FC6000C6E9003196E74046C5E74346D9E7002399
:10FC700001461A46184600F0D5BA000008B5064BF2
:10FC8000044613B1002100F027FB044B1B6803B1AD
:10FC900098472046F1F7BFFCD9020108382100201F
:10FCA000002310B50446C0E90033C0E90433836083
:10FCB00081814366C2818361194608225C3000F06D
:10FCC000BBF90D4B63620D4BA3620D4BE3620D4B11
:10FCD00023630D4B24629C4206D003F168029442D8
:10FCE00002D0D0339C4205D104F15800BDE8104049
:10FCF00000F08DBA10BD00BF35FF00085BFF0008A3
:10FD000093FF0008B9FF000800200020024A0349C1
:10FD1000034800F0F1B800BF2C010020510D01088C
:10FD20003C01002041680C4B994210B5044601D0BB
:10FD300001F00EF8A168094B994202D0204601F06B
:10FD400007F8E168064B994204D02046BDE8104010
:10FD500000F0FEBF10BD00BF002000206820002082
:10FD6000D020002008B54B6EDA0705D48B899B059F
:10FD700002D4886D00F04FFA002008BD08B54B6E24
:10FD8000DA0705D48B899B0502D4886D00F049FA07
:10FD9000002008BD0C4B0D4A0D4810B504211A6017
:10FDA0000022FFF77DFF0A4B01221C46092103F1C7
:10FDB0006800FFF775FF04F1D0000222BDE8104093
:10FDC0001221FFF76DBF00BF382100200DFD000894
:10FDD00000200020014800F01EBA00BF472100208B
:10FDE000014800F01EBA00BF47210020F8B50746C1
:10FDF000FFF7F0FF234B1B680BB9FFF7CBFF224E39
:10FE0000D6E90134013B0FD53568002D38D14FF4C8
:10FE1000D671384600F02AFB044628BB3060FFF755
:10FE2000DFFF0C233B601BE0B4F90C50D5B9174B36
:10FE3000E36004F15800656600F0E9F9FFF7D0FFD0
:10FE4000C4E90155C4E904552560A5610822294685
:10FE500004F15C0000F0F0F8C4E90D55C4E9125556
:10FE60002046F8BD6834CDE70423056043600C30BC
:10FE70002946A0604FF4D07200F0DEF825463460C9
:10FE80002E46BDE7382100202C0100200100FFFF95
:10FE900010B50446FFF79EFF236A1BB1BDE8104072
:10FEA000FFF79EBF044B2362044B1B68002BF5D168
:10FEB000FFF770FFF2E700BF25FD000838210020A2
:10FEC00008B5FFF787FFBDE80840024A0249002055
:10FED00000F012B82C01002065FD000808B5044AA6
:10FEE0000449002000F008F8BDE80840FFF778BF9B
:10FEF0002C0100207DFD00082DE9F84307468846C7
:10FF000014460026D4E90195B9F1010905D5246804
:10FF1000002CF7D13046BDE8F883AB89012B07D917
:10FF2000B5F90E30013303D029463846C0470643A1
:10FF30006835E9E710B50C46B1F90E1000F004F988
:10FF40000028ABBF636DA3891B1823F48053ACBF9B
:10FF50006365A38110BD002070472DE9F0411F4665
:10FF60008B89DB0505460C46164605D5B1F90E1002
:10FF70000223002200F0D6F8A389B4F90E1023F46E
:10FF80008053A38132463B462846BDE8F04100F04D
:10FF9000EDB810B50C46B1F90E1000F0C3F8B4F985
:10FFA0000C30421C0BBF23F4805343F48053A381D5
:10FFB000A38118BF606510BDB1F90E1000F044B800
:10FFC00030B51446002C9BB005461A4605DA8B2343
:10FFD00003604FF0FF301BB030BD4FF40273ADF83B
:10FFE0000C304FF00003199314BF04F1FF33234684
:10FFF000029305934FF6FF7300910491ADF80E3014
:020000040801F1
:1000000069461E9B00F098FB431CBCBF8B232B60F2
:10001000002CE0D0009B00221A70DCE707B50093AB
:1000200013460A46014603480068FFF7C9FF03B0BC
:100030005DF804FB3801002002440346934200D1DE
:10004000704703F8011BF9E738B5064D0023044655
:1000500008462B60F1F722FB431C02D12B6803B149
:10006000236038BD3C2100202D4B1B68834270B5B6
:10007000044653D0C3691BB3DB6863B10025E36951
:10008000DB685959B1B90435802DF8D1E3692046B0
:10009000D96800F07FF9E369196811B1204600F0D2
:1000A00079F9E3699D685DB1294620462D6800F025
:1000B00071F9F8E70E68204600F06CF93146E1E787
:1000C000616911B1204600F065F9E16911B120467E
:1000D00000F060F9216B11B1204600F05BF9616B13
:1000E00011B1204600F056F9A16B11B1204600F085
:1000F00051F9A16C11B1204600F04CF9616C11B1BD
:10010000204600F047F9E16A11B1204600F042F9BB
:10011000236A1BB12046BDE87040184770BD00BF80
:100120003801002038B5074D044608461146002224
:100130002A601A46F1F7D9FA431C02D12B6803B1A1
:10014000236038BD3C21002038B5074D04460846E1
:10015000114600222A601A46F1F767FA431C02D1C1
:100160002B6803B1236038BD3C21002038B5074D12
:1001700004460846114600222A601A46F1F772FA30
:10018000431C02D12B6803B1236038BD3C21002001
:10019000014B1868704700BF3801002070B50D4B47
:1001A0000D4D5B1B9C100026A64209D100F07CFE81
:1001B0000A4D0B4B5B1B9C100026A64205D170BD5F
:1001C00055F8043B98470136EEE755F8043B98474D
:1001D0000136F2E7001101080011010800110108C1
:1001E0000411010838B5074D074C641BA4101CB955
:1001F000BDE8384000F05EBE013C55F82430984719
:10020000F5E700BF041101080811010870477047A5
:100210007047704770477047012070470120704752
:10022000704770472DE9F047264E074630689246E2
:1002300088469946FFF7EFFF234A15683DB9234BDF
:100240001360234A12B11268C3F888201F4D6C68EE
:100250001F2C06DD3068FFF7E4FF4FF0FF30BDE8EC
:10026000F0872FB3D5F8880068B91A4B002BF1D06E
:100270004FF48470AFF300800028EBD00023C0E976
:100280004033C5F888006C6840F824A00122D0F8FB
:100290000031A24000EB84011343C0F80031022F6B
:1002A000C1F8809002BFD0F804311343C0F8043184
:1002B000631C023430686B6045F82480FFF7B1FF9F
:1002C0000020CCE78C010020D42100204821002010
:1002D00000000000000000002DE9F74FDFF8AC80BF
:1002E0000190D8F80000DFF8A8900F46FFF793FFC1
:1002F000D9F8005035B9D8F8000003B0BDE8F04F88
:10030000FFF78FBF6C68D5F888B0661E013405EB27
:1003100084040BF1800A002EEDDB4FB1BBF1000F1E
:1003200002D1013E043CF6E75AF82620BA42F8D141
:10033000696822680139B14216BF00236E602360EC
:10034000002AEED06B680093BBF1000F07D0DBF8FA
:100350000011012303FA06FC1CEA010F09D19047A2
:100360006968009BD9F800209942C1D19542D8D044
:10037000BEE7DBF804015BF826101CEA000F02D18F
:1003800001989047ECE708469047E9E78C01002088
:10039000D421002038B50546002941D051F8043C4D
:1003A0000C1F002BB8BFE41800F0E0F81D4A1368DA
:1003B00033B9636014602846BDE8384000F0DCB80B
:1003C000A34208D9206821188B4201BF19685B68D5
:1003D00009182160EDE71A465B680BB1A342FAD910
:1003E00011685018A0420BD1206801445018834274
:1003F0001160E0D118685B68536008441060DAE768
:1004000002D90C232B60D6E7206821188B4204BF49
:1004100019685B68636004BF091821605460CAE70B
:1004200038BD00BFDC21002070B50F4E0C4631688E
:10043000054611B900F0E2FC30602146284600F084
:10044000DDFC431C03D14FF0FF34204670BDC41CBB
:1004500024F00304A042F8D0211A284600F0CEFC74
:100460000130F2D1EFE700BFD82100202DE9F84399
:10047000CD1C25F0030508350C2D38BF0C25002DAB
:10048000064601DBA94204D90C2333600020BDE8F5
:10049000F883DFF8D48000F069F8D8F800301C4603
:1004A00044BB29463046FFF7BFFF431C044658D1E2
:1004B000D8F800402746002F43D1002C4BD02368AA
:1004C0003946304604EB030900F098FC814542D1DF
:1004D00021686D1A29463046FFF7A6FF01303AD051
:1004E00023682B442360D8F800305A6862BBC8F8F0
:1004F00000700FE02268521B20D40B2A17D9611913
:10050000A342256018BF5960636808BFC8F800108F
:1005100062514B60304600F02FF804F10B00231DB0
:1005200020F00700C21A1CBF1B1AA350AFE7626875
:10053000A3420CBFC8F800205A60EBE7234664686A
:10054000AEE73C467F68B6E71A465B68A342FBD13C
:1005500000235360DEE70C233360304600F00CF8D4
:1005600094E70560D6E700BFDC2100200148FFF7D3
:1005700052BE00BF442100200148FFF752BE00BF19
:10058000442100202DE9F0478E681F46BE42824676
:100590000C469046334653D8B1F90C0010F4906FD6
:1005A0002BD065692368096905EB4505A3EB0109B3
:1005B00005EBD5757B1C6D104B44AB422A4684BFBE
:1005C0001D462A46430527D511465046FFF74EFFE4
:1005D000064658B321694A4600F020FCA38923F45B
:1005E000906343F08003A381266165614E44A5EBCF
:1005F00009052660A5603E463B461F4620683A46F0
:10060000414600F0E1FBA3689B1BA36023683B44C9
:1006100023600020BDE8F087504600F00DFC064640
:100620000028E1D121695046FFF7B4FE0C23CAF837
:100630000030A38943F04003A3814FF0FF30E9E786
:100640003E46DBE793682DE9F74F80460C46174698
:10065000002B53D0D2F800A0DAF804B0DAF800305A
:1006600001930AF1080ABBF1000FF5D0A668B34563
:1006700035465FD3B4F90C0010F4906F2DD022688A
:1006800021696569A2EB010905EB450505EBD57507
:1006900009F101066D105E44AE422A4684BF35461C
:1006A0002A46430530D511464046FFF7DFFE064691
:1006B000002833D04A46216900F0B0FBA28922F419
:1006C000906242F08002A281266165614E44A5EBF2
:1006D00009052660A5605E465D462A4601992068A8
:1006E00000F072FBA268921BA26022682A4422607A
:1006F000BA68A2EB0B03BB60002BADD10020002336
:100700007B6003B0BDE8F08F404600F095FB0646E5
:100710000028D9D121694046FFF73CFE0C23C8F8D8
:100720000030A38943F04003A3810023BB604FF056
:10073000FF30E4E75E46CFE72DE9F04F98468B891E
:100740001B069DB007460D46144610D50B6973B9BC
:100750004021FFF78BFE2860286130B90C233B60F5
:100760004FF0FF301DB0BDE8F08F40236B610023D8
:10077000099320238DF82930CDF80C803023DFF841
:100780009C818DF82A304FF0010923469A4613F8D0
:10079000012B0AB1252AF9D1BAEB040B0BD05B4629
:1007A000224629463846FFF7EDFE013000F0A780CB
:1007B000099A5A4409929AF80030002B00F09F8061
:1007C00000234FF0FF32CDE905230AF1010A04931B
:1007D00007938DF853301A935446052214F8011BE1
:1007E0004E48FFF74DF8049AD8B9D00644BF2023ED
:1007F0008DF85330110744BF2B238DF853309AF8EE
:1008000000302A2B15D0079A544600204FF00A0CCE
:10081000214611F8013B303B092B4BD9B0B107926F
:1008200014E0A0EB080309FA03F313430493A24670
:10083000D2E7039B191D1B680391002BBBBF5B42D2
:1008400042F0020207930793B8BF049223782E2B3D
:100850000AD163782A2B32D1039B1A1D1B6803929D
:1008600043EAE37302340593DFF8C0A02178032242
:100870005046FFF705F838B1049BA0EB0A00402270
:10088000824013430134049314F8011B24488DF86B
:1008900028100622FEF7F4FF002836D0214B1BBBA0
:1008A000039B073323F0070308330393099B334467
:1008B00009936AE70CFB02320C460120A8E70023EB
:1008C0000134059319464FF00A0C204610F8012B0D
:1008D000303A092A03D9002BC6D00591C4E70CFB96
:1008E000012104460123F0E703AB00932A460E4B97
:1008F00004A93846AFF30080421C0646D6D1AB8926
:100900005B063FF52DAF09982CE703AB00932A4611
:10091000054B04A9384600F079F8EDE7A01001086E
:10092000AA1001080000000085050108A6100108B2
:100930002DE9F047164698468A680B69DDF8209045
:100940009342B8BF1346336091F8432007460C46E4
:100950000AB1013333602368990642BF336802331A
:100960003360256815F0060506D104F1190AE3681D
:1009700032689B1AAB4226DC94F843302268003B75
:1009800018BF012392062BD404F143024146384696
:10099000C84701301ED02368226903F00603042BE8
:1009A00002BFE5683368ED1AA3680CBF25EAE57558
:1009B00000259342C4BF9B1AED1800261A34B54295
:1009C0001AD1002008E00123524641463846C84764
:1009D000013003D14FF0FF30BDE8F0870135C6E7A5
:1009E000E1185A1C302081F84300224494F8451045
:1009F00082F843100233C7E70123224641463846B6
:100A0000C8470130E6D00136D9E700002DE9FF479D
:100A10000F7E0C9E782F914680460C469A4601F137
:100A2000430207D8622F0AD8002F00F0D280582F37
:100A300000F0B78004F1420684F842703AE0A7F172
:100A40006303152BF6D801A151F823F0A50A01087C
:100A5000B90A0108350A0108350A0108350A0108F2
:100A6000350A0108B90A0108350A0108350A0108E2
:100A7000350A0108350A0108B90B0108E30A010823
:100A80006F0B0108350A0108350A0108DB0B010864
:100A9000350A0108E30A0108350A0108350A010888
:100AA000770B010833681A1D1B68326004F1420697
:100AB00084F8423001239DE033682068191D3160BD
:100AC000060601D51D6803E04506FBD5B3F90050C5
:100AD000002D03DA2D236D4284F8433059480A2350
:100AE00010E021683368080653F8045B02D4490615
:100AF00048BFADB26F2F5348336059D1082300214E
:100B000084F843106668A660002E05DB21682E433A
:100B100021F0040121604DD01646B5FBF3F103FB33
:100B20001157C75D06F8017D2F46BB420D46F4D92B
:100B3000082B0BD12368DF0708D523696168994228
:100B4000DEBF302306F8013C06F1FF36921B22611E
:100B5000CDF800A04B4603AA21464046FFF7E8FE29
:100B600001304CD14FF0FF3004B0BDE8F08723686E
:100B700043F0200323603448782784F845702368C5
:100B800031681F0651F8045B02D45F0648BFADB25E
:100B90003160D90744BF43F0200323601DB1102307
:100BA000ADE72848E9E7236823F020032360F6E750
:100BB0000A23A4E71646BBE7336825686169181D58
:100BC00030602E061B6801D5196002E06806FBD56F
:100BD0001980002323611646BAE733681A1D326074
:100BE0001E68626800213046FEF74AFE08B1801B8D
:100BF000606063682361002384F84330A8E72369B9
:100C0000324649464046D0470130ABD023689B0767
:100C100013D4E068039B9842B8BF1846A4E70123A9
:100C2000324649464046D04701309BD00135E36803
:100C300003995B1AAB42F2DCEBE7002504F11906DD
:100C4000F5E700BFB1100108C2100108B1F90C208E
:100C50002DE9F041160705460C4651D44B68002B90
:100C600002DC0B6C002B49DDE66A002E46D0002327
:100C700012F480522F682B6031D0626DA38959071E
:100C800005D56368D21A636B0BB1236CD21A0023AB
:100C9000E66A216A2846B047421CB4F90C3006D1F6
:100CA00029681D2946D8294ACA40D60742D50022BC
:100CB0006260D9042269226004D5421C01D12B68EC
:100CC00003B96065616B2F60C1B104F144039942BF
:100CD00002D02846FFF75EFB002363630EE0216A23
:100CE00001232846B0470246501CC7D12B68002B71
:100CF000C4D01D2B01D0162B1AD12F6000201EE06E
:100D00000F69002FFAD093070E6808BF4B690F6078
:100D100018BF0023A6EB07088B60B8F1000FEDDDCC
:100D2000216AA66A43463A462846B047002808DCAE
:100D3000B4F90C3043F04003A3814FF0FF30BDE81D
:100D4000F0810744A8EB0008E7E700BF010040205E
:100D500038B50B6905460C4613B90025284638BD41
:100D600018B1036A0BB9FFF793F8B4F90C30002BF4
:100D7000F3D0626ED00704D4990502D4A06DFFF7BA
:100D80004AFA28462146FFF761FF636EDA070546F7
:100D9000E4D4A3899B05E1D4A06DFFF742FADDE717
:100DA000014620B9044A05490548FFF7A5B8054B97
:100DB0001868FFF7CDBF00BF2C010020510D0108BE
:100DC0003C01002038010020884210B501EB0204EC
:100DD00002D98442234607D8431EA14207D011F806
:100DE000012B03F8012FF8E70244824200D110BD25
:100DF00013F8011D02F8011DF7E7000038B5064D94
:100E00000023044608462B60F0F7B0FB431C02D1D8
:100E10002B6803B1236038BD3C2100200A44914275
:100E200000F1FF3300D1704710B511F8014B03F802
:100E3000014F9142F9D110BD2DE9F041074614460A
:100E40000D4621B9BDE8F0411146FFF70FBB2AB9A5
:100E5000FFF7A0FA25462846BDE8F08100F01AF811
:100E60008442064602D8B4EB500FF4D821463846E7
:100E7000FFF7FCFA804608B94546ECE7B442224643
:100E8000294628BF3246FFF7C9FF29463846FFF7F3
:100E900081FAF1E751F8043C181F002BBCBF0B5836
:100EA000C018704700000000F8B500BFF8BC08BCCF
:100EB0009E467047F8B500BFF8BC08BC9E46704718
:100EC00053544D3332205669727475616C20436FF0
:100ED0006D506F727400000053544D6963726F65FA
:100EE0006C656374726F6E696373000043444320E2
:100EF000436F6E666967000043444320496E746522
:100F000072666163650000005B425554544F4E2089
:100F1000505245535345445D0D0A00005B5249470A
:100F200048545D20256425250D0A00005B4C45468C
:100F3000545D20256425250D0A0000005B55505D99
:100F400020256425250D0A005B444F574E5D202562
:100F50006425250D0A0000000D0A2A2A2A2058209F
:100F6000545249474745522023256C75212025645A
:100F70002525202A2A2A0D0A0D0A00000D0A2A2AF0
:100F80002A205920545249474745522023256C7541
:100F9000212025642525202A2A2A0D0A0D0A000071
:100FA0000D0A3D3D3D3D3D3D3D3D3D3D3D3D3D3DD4
:100FB0003D3D3D3D3D3D3D3D3D3D3D3D3D3D3D3D61
:100FC0003D3D0D0A000000004B592D303233204AC0
:100FD0004F59535449434B205245414459210D0A1E
:100FE00000000000446561647A6F6E653A20352523
:100FF00025207C20547269676765723A2037302556
:10100000250D0A003D3D3D3D3D3D3D3D3D3D3D3DC8
:101010003D3D3D3D3D3D3D3D3D3D3D3D3D3D3D3D00
:101020003D3D3D3D0D0A0D0A000000005B52415759
:101030005D20583A25346420593A253464207C20B8
:101040005B4E4F524D5D20583A253364252520597B
:101050003A25336425250D0A000000000000000039
:101060000000000001020304060708090000000058
:10107000010203040006101600061016400930098C
:1010800004090C093F09370917092F091109330908
:10109000150912091F093609100924092A09000037
:1010A000232D302B2000686C4C0065666745464751
:1010B00000303132333435363738394142434445D4
:1010C0004600303132333435363738396162636443
:1010D0006566004009300904090C093F0937091702
:1010E000092F0911093309150912091F09360910B9
:0810F0000924092A090000008F
:0810F800A8F0FE7F01000000DA
:0411000045F90008A5
:0411040021F90008C5
:1011080081090008A5090008050A0008C90900089E
:101118002D0A0008510A00088D0A00081201000271
:10112800020200408304405700020102030100004C
:10113800040309041A030000000000000000000076
:101148000000000000000000000000000000000097
:10115800A10B0008C90B0008D90B0008950C000862
:10116800090D000801000000B41F0020460A460AC5
:101178000024F4000000000000000000000000004F
:101188000000000001000000000000000000000056
:101198000000000010000000010000000A06000224
:1011A8000000004001000000B1EE0008A1F00008B6
:1011B800A5F1000800000000CBF400085DF300086A
:1011C8005BF40008000000000000000000000000C0
:1011D800ADF500083FF500081DF600088DF600087B
:1011E80009024300020100C03209040000010202A2
:1011F8000100052400100105240100010424020255
:1012080005240600010705820308001009040100EF
:10121800020A0000000705010240000007058102DC
:101228004000008101820000000000000000000072
:1012380003000000002000203C0100200000000006
:101248000020002068200020D0200020000000009E
:101258000000000000000000000000000000000086
:101268000000000000000000000000000000000076
:101278000000000000000000000000000000000066
:101288000000000000000000D902010846210020EB
:1012980080B483B000AF00237B600C4B1B6C0B4AFF
:1012A80043F080531364094B1B6C03F080537B603D
:1012B8007B68074B1B68064A43F40013136000233E
:1012C80018460C37BD465DF8047B7047003802406D
:1012D8000070004080B483B000AF00237B600C4BEB
:1012E8001B6C0B4A43F080531364094B1B6C03F0CF
:1012F80080537B607B68074B1B68064A23F4001306
:101308001360002318460C37BD465DF8047B704710
:10131800003802400070004080B483B000AF002362
:101328007B600C4B1B6C0B4A43F080531364094BD6
:101338001B6C03F080537B607B68074B1B68064A75
:1013480043F480131360002318460C37BD465DF83C
:10135800047B7047003802400070004080B483B0BE
:1013680000AF00237B600C4B1B6C0B4A43F080538F
:101378001364094B1B6C03F080537B607B68074B3D
:101388001B68064A23F480131360002318460C37A1
:10139800BD465DF8047B704700380240007000408D
:040000050800F96195
:00000001FF
